day,val_power,val_achievement,val_hedonism,val_stimulation,val_universalism,val_benevolence,val_tradition,val_conformity,val_security,backup_social,backup_risk,backup_anger
2021-08-15 00:00:00,34.530864720586386,19.190568392065742,5.580279098297806,7.255089762718391,1.5864297253634896,2.387994143484627,2.0914454277286127,1.723921946518911,4.628092519396865,6.443210064424495,106.299831365936,58.89804781380443
2017-12-07 00:00:00,29.507760069199332,17.034845442778664,5.519374750325381,6.793324376177095,1.5107240437158471,2.283858515321723,1.9134756045090784,1.85766383428759,3.4095214962351235,4.823918196666095,81.03563014729173,43.40511124205859
2020-04-16 00:00:00,29.821389476456595,17.909448057137556,5.59732399497996,7.163745725168909,1.343783783783784,2.073272309227365,2.281056721056722,1.9420682730923693,2.6039967959908807,5.520082470178196,88.63166201882582,46.527822108734966
2017-02-23 00:00:00,27.819544984488115,15.816887432717058,5.207323441231174,6.33609904572091,1.5927116044694367,3.1653654683395485,1.963099325693956,2.433486174013333,2.8799829042057965,4.46250270283257,77.65418106175439,40.90648927109001
2023-02-14 00:00:00,64.27205673056707,46.3133794358968,9.697765876052031,11.48348675074801,3.232795563398033,4.819148437865947,3.188923519539681,3.3910225403888927,9.201369228393483,10.751887086712404,139.16778985685485,97.20693432453707
2018-08-21 00:00:00,26.227588379418968,15.48375788399925,4.660495784525854,5.617935645633096,1.5625470419990968,2.4179090881486665,2.054329655633568,1.7847184170471844,3.507449660245621,4.555904961565343,77.5377184496426,40.61203479908336
2018-12-04 00:00:00,26.66277677203733,16.307579304527486,5.039205661232408,5.958496331855962,1.4947194719471948,2.1559775151595617,1.9247832738398776,1.9667758166280649,3.029473051062275,4.49033394006448,77.60398313762025,40.17132663530242
2023-06-02 00:00:00,27.289830250437703,16.955359821903873,5.489459373565446,6.373359565628369,1.4894259818731113,2.139789018122804,1.9599681161987408,1.7505986696230602,3.330923770184004,4.857319557625143,82.15647234227258,43.34863381784861
2021-03-12 00:00:00,29.80224887882615,18.437036871956582,5.731563421828909,6.854786876261185,1.4908581782243455,2.073852173381427,2.0227069779308584,1.7776115681874844,2.826810603990162,5.419918290804367,88.17411129119392,45.39761069990912
2015-09-07 00:00:00,27.99266127540812,17.000461960938637,5.624825721407749,6.66200220634274,,,,,,5.000513131990113,82.14290979143983,44.25953003048269
2017-03-28 00:00:00,28.43766740239569,16.47773497613235,5.318571039671342,6.298821102773169,1.456065424806906,2.6844938321949243,1.8583065810593904,1.9070351758793973,3.045529624594088,4.597149370748613,76.30255001172809,40.301504673971344
2017-10-25 00:00:00,29.196201166744995,17.841896605507188,5.532810381834619,6.518025581350119,1.5457175925925923,2.3855410203254945,1.8603273702325216,1.8461008610086105,3.163745960725827,4.8926785764444825,81.40049006112001,42.76947272166401
2017-07-15 00:00:00,29.27556113512802,16.9388494074313,5.364895561357701,6.692122846809292,1.4245832496485238,2.6483457605929366,1.896361547299885,1.8097051877809096,3.364528641536119,5.039301642968779,84.3909992033801,45.11061683562819
2021-06-01 00:00:00,28.039737085447225,18.130360446570965,5.658099931382948,6.591435100947609,1.5101340307289963,2.142682180036742,1.9972575607526468,1.882329263383872,3.230177012609117,5.07675866265192,86.79107850075114,45.6745119481068
2023-03-05 00:00:00,83.11989929717832,61.6783445465998,12.12836858881484,14.672813711240307,3.2460414129110844,5.863007585899146,3.228490387645763,3.502620850320327,11.803159713650954,13.91222748815166,173.24916492693114,122.4262808795109
2021-08-21 00:00:00,29.690514573720964,16.86445647271087,5.10720741599073,6.518708354689902,1.3369938229238163,2.5882649751315507,1.9516823963890029,1.789128895184136,3.3818825679689275,5.427452849458706,93.3331371611432,49.97772705518536
2018-09-15 00:00:00,28.196254513096928,15.82438074906602,4.877239931785387,6.130698611462969,1.3357580398162332,2.5587784063668613,3.117520711874808,1.8199570213958705,3.16156607257713,5.006569269010296,83.9782745272886,47.78717641808002
2023-01-13 00:00:00,61.99795465316404,46.07338221230479,9.494080628076516,11.073017044406296,3.027399091152099,5.1636738298498654,3.045557887373208,3.715039577836409,8.12963206480289,10.336274270362695,135.27891266083262,92.3765961407208
2019-08-23 00:00:00,26.58001964250637,16.02677703218547,5.754056988879728,6.660681051797531,1.4344240489491886,2.2815130684115714,2.186545315682282,1.767987173491883,3.156956247764702,4.51165626075414,78.47966140078252,42.59824143186527
2022-06-19 00:00:00,31.09968134651523,19.07755977927652,5.791224081175554,6.939372644221555,1.5617715617715615,2.3921893848009645,1.9435833849969,1.9127531716002677,4.319523203332947,5.695135671740568,92.13723899166936,51.28923961384098
2016-08-08 00:00:00,25.45327813582977,17.501071719466715,5.448235126382468,6.41303337302522,1.576587543112193,2.4960901290613937,2.0606750785769603,1.9278120031796504,3.347087141390939,4.910063425793156,78.64273731555686,43.27287515461453
2015-10-15 00:00:00,25.3970677261651,15.571560739308502,5.23150595095092,6.063913643628616,,,,,,4.411154102045695,76.44873412270167,40.552299007833966
2019-03-15 00:00:00,27.201791879007068,16.050042026438454,5.351414547422123,6.481950855099917,1.451880647194789,2.594436505035062,2.327241984782469,1.8074496845899672,3.8353691007122426,4.704111347395443,79.33955965698344,42.655019140000746
2021-11-13 00:00:00,29.56071008238526,17.896214725397716,5.038135074973704,6.373470716322088,1.384462809917356,2.087086446104589,1.964271158809944,1.8207120655552416,3.151136410510251,5.3211178045515375,90.67716428349388,47.57314746310503
2022-11-13 00:00:00,30.69541637508749,19.88116546323605,5.459884848864127,6.696051935843959,1.389245189935866,2.1421721409733863,1.852878464818763,1.6818483307539245,3.754231620105987,5.311882094470891,87.24622840810247,48.909878294631454
2018-09-09 00:00:00,27.944716204674293,17.02701145529723,5.2487697340349895,6.19343752880298,1.369694903698654,2.353590615604516,2.8228705627314605,1.832738975384883,3.0185978646038394,4.858183746964074,82.09355543780639,45.14842593615375
2016-04-24 00:00:00,28.631053243965216,17.701182147568062,5.523853546538797,6.455284943703547,1.4423375815977617,2.2613094377800267,2.094683769555869,1.7712618974516428,3.251049795141191,4.956713236556857,85.1574516978088,46.47704260488171
2018-03-03 00:00:00,29.603759869657846,16.594082557454833,5.590576270446632,6.657258064516132,1.3881621551612486,2.339754746835443,2.395355484101465,1.6854070438799078,3.61696369954044,4.743016643622718,83.09227566104518,45.350978039921344
2022-10-08 00:00:00,28.35731217406492,17.066627328236436,5.259620189905051,6.332772725977023,1.4378036929057338,2.4607101947308103,1.7901705115346045,1.6670569867291178,3.600664484776356,5.157805754309695,84.44331658042643,46.3274340670236
2016-01-31 00:00:00,33.28160748239889,18.311797221463262,5.839850951676144,7.224428949266652,1.3716841455891429,2.747172468424064,3.028453448609588,3.031876412961568,3.96508302480768,5.341610203788561,86.99772662106257,48.63989305579745
2015-05-17 00:00:00,26.148226516634047,15.659656987432946,4.935933772077307,6.097392557455304,,,,,,4.618647371621935,80.19735687115966,42.20038291282026
2017-11-15 00:00:00,28.60325535133343,16.81114075169699,5.502876193859564,6.515984582953935,1.3963737312396989,2.498244263793352,2.050512934879572,1.7140951110263989,3.376431827306865,4.82329970926226,80.27762562729835,42.75276950780931
2020-08-20 00:00:00,29.21940408994172,17.45825089038385,5.207023986880551,6.533427260882003,1.464212678936605,2.0911244252473176,2.0194374571232565,1.649455155071249,2.828481974726048,5.084613542272558,83.17147061528559,43.4600714588283
2020-12-15 00:00:00,31.32134420158768,19.634021457318592,5.6182232287948,6.979130476452899,1.491189427312776,2.178344320634736,2.123858057299112,1.6704954735714983,2.9378040869283177,5.210813472778401,87.30332263784517,44.48089054195417
2016-06-16 00:00:00,25.437368182358554,15.181997736301692,5.400130813793712,6.079921414538311,1.4403307508939214,2.7607273654865803,1.8792157734786157,1.638061257587693,3.8272797860408927,4.578964022760534,75.36118468576937,40.37715509689177
2018-01-19 00:00:00,30.376292956881315,17.970667689340317,5.500475193471626,6.69226369696412,1.398470363288719,2.897349137931036,2.0338281249999994,1.9577221742881792,3.453827006845052,4.81787411630877,82.56579543655235,43.81833625572872
2022-09-14 00:00:00,27.76726442866014,17.56562776793622,5.200322882148025,6.063070642859382,1.4364207221350078,2.0304454891426014,2.04736952420876,1.7128869690424764,3.277921228958979,5.024369519407236,82.51029401915476,43.86980416337159
2017-02-21 00:00:00,27.336108678767364,16.137480977985174,5.230583031030616,6.288789312785291,1.6358915175995383,3.084046359676416,1.9819981265018527,2.159080633006781,3.115717752889048,4.546602726025465,77.593231857152,41.279266405841945
2020-01-09 00:00:00,27.360542724823677,15.861285109657556,5.569833037839071,6.538230532198254,1.4516484863341088,2.26894663100242,2.231621564031536,1.68333752199045,4.632755567168946,4.662997034608864,79.14616274875246,41.742172987688846
2016-11-19 00:00:00,29.69850368546971,16.85252731369297,5.445436439210251,6.46695457012988,1.4604651162790696,2.553665082609017,1.7996301598663809,1.917372981675269,2.975202612797871,4.533883250962941,80.00356028730212,41.4525530844458
2016-05-07 00:00:00,28.34867860187553,16.50366650475549,5.497947494966476,6.4737015573072565,1.3676563487049906,2.238029172447411,2.001318628626229,1.8005790551514724,3.474773961756543,4.920443606215987,80.29829115953763,43.048090631754846
2019-02-20 00:00:00,26.575984775858867,16.125516042057885,4.929490971576665,6.045171169200482,1.772496330585977,2.377095464972649,2.433938072953394,1.7198356638316274,3.368000546298826,4.487227710117407,78.01693468659097,40.624948333119534
2015-11-15 00:00:00,31.860707947150456,18.423972094701597,5.717711017147647,7.135680886682446,,,,,,5.556464376759415,99.53632503833,55.5473007509928
2022-05-15 00:00:00,31.81107994035431,18.414222382597032,5.515418642395695,7.037771206043393,1.642772277227723,2.5974907063197024,1.8745886654478972,1.7817270448849396,5.244715155858119,5.675239661216767,94.0015568501406,52.7675920110539
2017-05-03 00:00:00,29.436397805006397,17.00740313034871,5.275070339593014,6.432340825890031,1.5213224303174189,2.421145273745571,2.094973499743546,1.9091997421493696,3.3932586847781185,4.616894674951647,80.6045664149156,42.25974790377047
2022-08-17 00:00:00,28.582695357357675,17.814339136402477,5.319100324939071,6.336980202709091,1.437543614794138,2.110150107219441,2.17619411957591,1.7227061209879486,3.3788228216183698,5.174354447141914,83.51897875573147,44.68366917129776
2016-03-23 00:00:00,26.908860944353744,15.911086374599138,5.245321100917431,6.278957253216796,1.359489787680633,3.270123323431451,1.7928222552558928,1.7001001183216535,5.423662512389024,4.687064408384398,80.02655612006356,42.72701951308234
2022-06-08 00:00:00,29.101048848560545,17.36017198342895,5.225805430723463,6.19184387776111,1.6195814648729443,2.3197490047904994,2.1157007151243468,1.85561167919182,3.962889478831913,4.948351053670336,84.2522708557674,45.09170460742413
2018-05-02 00:00:00,26.96937305172998,16.320447454531617,5.254266198893134,6.368073960362643,1.6004969893911882,2.317774661591736,2.2551727123192813,1.7675856737954128,2.988453194936431,4.496078143360752,77.73999782716838,40.94406690463115
2015-11-21 00:00:00,28.24725446264601,16.38839671970809,5.392750721668685,6.650935808534225,,,,,,4.86016604265017,88.06775444501352,47.58848128254164
2015-03-11 00:00:00,24.724281551986746,14.513176386775044,4.835251264640402,5.787214146051175,,,,,,4.356901151818834,72.5386975062517,37.11841839949591
2016-07-26 00:00:00,26.284223886634027,15.706645281091433,5.334334714757106,6.35293396625883,1.505971694856748,2.539717014950551,1.8472012736718613,1.814985915492958,3.671263498559783,4.624299987368196,75.97549754004365,41.23401134544376
2015-09-20 00:00:00,27.968318149247622,16.839046153206187,5.657257598891441,6.764526803441429,,,,,,4.920762684752702,85.4626151087931,44.99297791457311
2022-01-06 00:00:00,28.8701809214542,17.620470629423096,5.158431120889867,6.475630725863285,1.4221794048383647,2.010483663493698,2.154579142403388,3.036327817178881,4.075403843886334,5.117085902680263,84.79712896671826,44.98710419567717
2016-10-15 00:00:00,28.55276074912048,16.180240617705152,5.532631288512831,6.496614090078613,1.5076433899963315,2.6228745353975835,1.7908427137207183,1.8639181120272967,3.608163599405192,4.991897390852296,81.62012537254954,44.02554121040692
2021-11-26 00:00:00,30.517418012678345,19.739406099518465,6.061238387081084,7.204111733871883,1.6736869474778988,2.352339317272812,2.2103198192842712,1.961128048780488,3.4255140786034817,5.649728395061728,93.57849587578846,52.76786512052523
2019-09-08 00:00:00,29.22034347947501,17.595856392791266,4.967379688512813,6.182536572622778,1.3974754558204772,2.3658852480248678,2.7987303569570194,2.0578530337566483,3.96172342448135,5.128778405775357,84.96029477073388,46.49904142702341
2018-05-06 00:00:00,29.19039400846629,17.11940249254766,5.575989869832797,6.898217684275501,1.3544202753941337,2.5433946130825134,2.2690117494413613,1.7352725750758602,3.5569474279253828,4.800306636093514,84.10079134593583,46.25860914275838
2023-08-11 00:00:00,27.7040768014184,17.04819648229338,5.348908560506992,6.65703611748724,1.508983050847457,1.973806275579807,2.0620825743776567,1.691260260743602,3.3990305811829726,5.25001253572683,86.0110945785359,45.3291125302796
2022-03-02 00:00:00,33.63247535905381,19.734462886918102,5.793835502168837,7.203771305174938,1.5804715936065834,2.632170390696459,2.0363198071514668,1.798397596394592,5.4476749239461135,5.7624296171171165,95.59473884438076,51.15644467350873
2021-10-23 00:00:00,28.62076655579074,17.683173650390543,5.2347077480743085,6.591052217265811,1.5200603318250383,2.18546255506608,1.8972434161949288,1.8901115465782328,3.206497569064937,5.557012725441728,91.54474759209982,48.165493948775705
2020-10-19 00:00:00,30.28505897771954,18.488248122122613,5.368875437247266,6.702339697855091,1.5175172413793103,2.0612410162971964,2.104015937925973,1.712747994934572,2.99710997312782,5.173077392727184,86.76127253028665,47.156269716088325
2015-12-29 00:00:00,26.4812265285494,16.039849646806125,5.492681592696681,6.3528717614527,,,,,,5.062483884038751,80.38438445051236,44.28790514994678
2018-03-08 00:00:00,29.1931682227316,16.857220319634706,5.217904117249745,6.323088904864606,1.578042993745057,2.5968118488766168,2.4131059245960493,1.8639125702884087,3.2751365028632318,4.6234396621568346,80.70718330583671,43.24835070461023
2020-01-17 00:00:00,29.121998384241184,16.979080560420307,6.067707775086281,6.942801677123675,1.472553368450236,2.309015560247088,1.897300762053985,1.7422434367541764,3.216811348719036,4.699855228640783,81.01689393745575,43.03983951513082
2017-06-28 00:00:00,27.80253083334876,16.179073734757065,5.358464020857015,6.445058165089222,1.3971517170093026,2.4122969081128085,1.9332313965341483,1.7404507828862072,3.64216464917566,4.581763340334477,77.09867948945981,41.60268322920375
2022-02-21 00:00:00,29.8578059211617,18.37627877780228,5.487906986383701,6.809722567922036,1.4846134600950711,2.1631815023058945,2.201829115509897,1.947604065827686,3.782481902082546,5.278300506000918,89.65971890395616,50.04354277611991
2020-11-15 00:00:00,36.21003538115151,22.70563149261892,5.97972972972973,7.488630865989354,1.417503586800574,2.215260017050299,2.12085308056872,1.711711711711711,3.2307692307692317,5.7712219261515045,99.51147891083828,58.23188095492989
2020-09-21 00:00:00,30.790305029609524,18.472039205643384,5.263735314443679,6.411198325484041,1.448488787780306,1.9363854595336076,2.1129666740889186,1.7682094781486266,2.845484017897811,5.08344065325993,86.59143442156751,45.65851131654447
2022-09-12 00:00:00,27.571887849202216,19.300527059147782,5.491568244839272,6.769120477668221,1.6045969353764151,2.15171060011217,2.2605263157894724,1.6167113836719056,3.451325393776408,5.367435822270616,88.4427885744975,46.48271692028629
2019-06-11 00:00:00,26.08141109638881,15.641756007117328,5.003876767487593,5.9019494919974544,1.3548237476808906,2.377440725244073,2.683392781573061,1.7157428454858077,2.9066298890063416,4.416655690819803,74.93980592411545,39.912120329230106
2018-02-15 00:00:00,28.85988699332432,15.843286169677317,5.209778344946597,6.132148766275806,1.4843198932418262,2.7463226428743672,2.218444186432244,1.7724415129341435,4.0372690936588524,4.781510851419032,81.53701601030048,43.72592918718541
2018-07-31 00:00:00,28.19706054588044,16.519108466831142,5.279172303221605,6.501254409439242,1.820710521178997,2.791988895498711,2.426568304295506,1.913405062633193,3.651723199839636,4.779030665885504,83.97808811536297,45.03344854216518
2019-07-06 00:00:00,25.707878345625595,15.462891925730572,5.046121237812633,6.161016419077404,1.7732758620689657,2.49520332187858,2.317861536740856,1.7902528494694094,3.2193728408184947,4.956766432303425,80.37866611540355,44.77193254707221
2016-07-16 00:00:00,37.17868204024119,19.06566709429121,5.682461465323359,6.591711644220455,1.5849827608223728,3.310153285135794,1.6679706601466997,2.6539531478770138,5.146588673640876,5.3531083864816,92.4009852076684,50.78267827422864
2020-02-23 00:00:00,30.94799155785104,19.49077625253805,5.718242823146022,6.998643283254525,1.5020366598778006,2.351084812623274,2.3106983476058374,1.7497538562520512,3.2907028469750887,5.308167351670353,91.72390159071148,50.17992902477309
2019-10-26 00:00:00,28.548427620861982,17.13290729427662,5.115918183550115,6.234731964733896,1.426254657023888,2.5712192441540997,2.008613074204947,1.9605885984770528,3.0520605451427896,4.981249357854721,85.77639887979797,45.2723462727585
2017-01-24 00:00:00,27.35751792599609,16.463797501188886,5.100272291844365,6.171197411003244,1.3995030173943914,2.2169343575418985,1.8268471517202487,1.991058588132308,2.880987145059679,4.365330066333344,74.13519008014006,38.71172704296551
2023-03-08 00:00:00,58.28903743674412,41.55481106456149,8.94218580670586,10.639247369305242,2.749431742211526,5.011593032645054,3.014363636363637,3.0703294535411327,8.373108529328428,9.807143093794515,131.70599667221308,86.01542252114264
2015-05-15 00:00:00,24.84623256062815,15.10494580927348,4.765041775411187,5.905303276557015,,,,,,4.400173227664459,74.65077618628473,38.20563229896565
2023-08-10 00:00:00,26.769236490066863,17.401910325078735,5.450011302930442,6.469378147580464,1.600654919694371,2.051196808510639,2.184004302397052,1.759083000716405,3.167281941501562,5.148228901895844,85.81255468267926,45.409183513555824
2018-12-21 00:00:00,28.09801943023419,16.298270514221016,5.600261707442802,6.531620732881567,1.3519012207099763,2.460371151936445,2.046511627906976,1.7891982054526627,3.26050405662006,5.023694031649902,81.18948898527744,42.38301401869161
2017-08-21 00:00:00,26.324677012659546,16.306943800442177,5.898112330450087,7.108456050489343,1.4252262443438912,2.584228177594536,1.8877607943768828,1.8747240305689208,4.017096015514326,4.983181219027912,80.54399504026551,44.89663057802124
2022-12-30 00:00:00,29.358431539842503,19.341190065666392,5.791690890389518,6.614921881527272,1.436607142857143,2.2192298606189444,1.9807433945364976,1.8619338661651783,3.599683910261357,5.387895070222557,92.24006926774122,49.28280631013015
2018-11-02 00:00:00,27.55075055291516,16.229040759444768,5.379140598264351,6.441239467674619,1.4938122878107547,2.523110299759239,2.0966164568345333,1.9646662371772636,2.9907043099564503,4.72317797666641,80.24129316678909,42.60304613347068
2021-07-02 00:00:00,27.459811266800106,17.130889500497744,5.321006502685893,6.35858136041581,1.8375945264674112,2.218064838528327,2.0148511119487376,1.973625799712756,3.3508471400658437,4.942242845202753,83.80379876097764,44.36013307142939
2016-03-02 00:00:00,27.950164486267305,17.68264193611968,5.185740494308859,6.2935167017900815,1.4669538200819094,2.2353676554153874,1.8803158637727189,1.7262440415200249,3.0197275485511432,4.534977715208803,79.58784895769845,42.90102486192056
2018-07-15 00:00:00,30.069936951662925,18.71192075561769,5.566055706061633,6.755592807679258,1.447782144862437,2.9299071207430343,2.303220035778176,1.9853739612188368,3.495283668410905,5.082021237641891,87.96709218459921,48.78130142109202
2021-05-17 00:00:00,29.641861587914672,18.134561421741846,5.610484321391524,6.675683657196856,1.5255562236921227,2.381545835829839,2.1260806916426507,1.7530708299850764,4.676858583489682,5.182692608464449,89.01397155250683,47.80760496568431
2020-05-13 00:00:00,32.494060856822685,18.973948475289173,5.707450716939937,7.402300734769445,1.6286982248520714,2.0892375472037403,2.5032199023861184,1.6685331375068846,3.101842791911286,5.585230236391327,92.96994823086467,48.41381586278424
2015-06-15 00:00:00,23.807353274665136,14.459228753275926,4.841686279939081,5.665778008391559,,,,,,4.591906786036715,72.70184955945538,37.790511963777455
2019-04-03 00:00:00,26.970203937188163,15.876530344597798,4.965221461166666,5.99100252848652,1.6356136565554007,2.331609174901011,2.416316965502207,1.6300012701638515,2.795078546268009,4.441169961314084,76.0206267326869,39.68770509357449
2020-05-25 00:00:00,30.523929941522155,18.0718299320726,5.650900980635111,7.284504740111148,1.381605691056911,2.163442558231346,2.168065682249862,1.9149158293096695,3.058878128770768,5.395021342103418,91.7021923005606,51.05040696844209
2021-10-11 00:00:00,26.87530994901513,17.861031742647157,5.3054381662927605,6.363966457705772,1.51684810782789,2.338998929336189,2.0832961342737257,1.6862308397746628,3.0247657734390354,5.127457242211341,85.10621106860216,45.520497186389576
2020-06-24 00:00:00,29.88675788371632,16.846631638033372,5.229642381163926,6.620686840655419,1.5961370389791996,2.1603427172582617,2.161057138910631,1.8534341782502048,3.146933586261175,5.003511910678197,86.82556075520414,46.22930954005242
2021-09-27 00:00:00,30.250997417023395,19.817392487415123,5.949533964655879,7.085711439103887,2.335742444152431,2.466317109312664,2.074833309689318,1.974164425662697,3.600330891042306,5.546107620035385,92.3919816476297,49.21390657535236
2018-12-28 00:00:00,26.735386344811264,15.773453154411316,5.310965860397294,6.179904228174628,1.340304182509506,2.3989860124032405,2.088678146576823,1.7970247680392613,3.1782478699727985,4.827359919232709,78.61478728606356,43.89318533612871
2018-03-02 00:00:00,28.90933508479645,16.37906371911573,5.279498903081625,6.420438150201227,1.5014538134645492,2.3402661154889555,2.0979202772963603,1.6545525979766234,3.1253397699349823,4.722150650187205,79.78764610165167,43.10419448360241
2017-02-27 00:00:00,26.622543172357805,18.09089810956091,5.270975312542309,6.315830455482976,1.6152214266772742,2.5148388291959995,1.969004669902024,1.649310241415504,2.9540543102222654,4.470558447219302,77.68421724236087,40.50505739902389
2023-05-01 00:00:00,28.161381677299847,18.52723427887901,5.785199984431952,6.834030785796455,1.7171483622350678,2.227642276422764,1.89449348465742,1.823977823977824,3.5506007742194954,5.375508974980039,88.68426310367424,46.42806070334166
2018-06-17 00:00:00,28.51293927008005,17.985932668974275,6.067834892146309,7.1551653973606175,1.5967476703818748,3.0578380159066314,1.8125481881264456,2.218276632729079,3.748510390931551,5.444462404302527,91.48804692110362,50.09424392829606
2023-04-07 00:00:00,50.29287198899527,34.752249298055055,8.100129738339595,9.90489127252712,2.7320982788069883,4.534432969507127,2.598689310126137,2.998119038022303,7.682861381386621,8.784855160538832,120.70182818636736,75.71542362053829
2018-04-23 00:00:00,28.688057265683057,17.100524759993494,5.379993160339985,6.462240012557885,1.6652702564626545,2.35193171608266,2.155997931747673,1.6917666051660516,3.507132451572889,4.698435537664371,81.75615061654928,44.89001051802949
2022-07-28 00:00:00,28.57134516284622,17.756976925475538,5.33220934650455,6.457926294238085,1.898483572030328,2.303420206131425,2.2025888280774883,1.7324780553679948,3.499031121550204,5.323704552423064,87.01564642106979,46.46167605083829
2017-08-27 00:00:00,28.83791468210731,16.78107775799202,5.494967348480761,6.723517646620372,1.3502945026178017,2.2778134223020663,1.8285362620715775,1.8769947747493287,4.067015646571559,5.694839443611353,90.08452455579648,49.91958300777234
2023-06-03 00:00:00,27.900159785578065,17.20239948232744,5.591816602689188,6.387860490982744,1.3857592221904491,2.1465288035450505,1.978161229441899,1.8264688067837669,3.105529711884752,4.967338769774524,83.38547724210835,45.08701143539856
2023-06-01 00:00:00,27.11990780494416,17.43237952780627,5.545487935179417,6.306368780528623,1.4680981595092024,2.209258634809,1.9654614575750209,1.8639128231120123,3.2485606511812635,4.747724376479156,82.42160241223343,43.68252784764645
2018-11-15 00:00:00,26.25457651636074,15.905838340468236,5.099906644347154,6.010531561214701,1.5690192287034057,2.183143523600437,2.1106404325288453,1.6953368496763368,3.1649102207967013,4.6106480533190455,77.41258208400447,40.97753714866909
2017-09-15 00:00:00,28.37059715264961,17.138052926271886,5.59426243746526,6.518004324548596,1.4159413650939077,2.907741137231697,1.8752992498803005,1.8918050091162075,3.52794176991944,4.697719233849441,79.5328576768465,44.04764716301589
2016-10-28 00:00:00,28.038776426617776,16.357740576010293,5.5271716250350815,6.372323248797193,1.6383769552423728,2.18750826173166,1.7990566744029348,2.112534799057748,3.157896987906718,4.72309754889103,80.4391805840326,42.38638068299912
2020-12-30 00:00:00,29.617433534649145,18.67749024988249,5.824862207429348,7.020145193140974,1.4334541688244435,2.107557028163629,2.0796316055483794,1.701782820097245,2.8576102725561,5.024548923039503,90.16796488625126,47.52699021914078
2015-03-03 00:00:00,25.05493871835154,14.563052652431525,4.930220937562461,5.797560508333864,,,,,,4.332681456288165,74.2087337983706,37.37896740562862
2018-09-03 00:00:00,25.7448084083518,15.83345678418546,4.965343601895735,5.903357546948752,1.2929681928398231,2.3320226811804154,1.7844531838339883,1.7793354101765315,3.277800658978584,4.768645071975783,77.79932615816564,42.612330550949466
2022-04-17 00:00:00,30.77951423171309,19.47070782270067,5.748002414858494,7.056182408678508,1.761542364282091,2.504674017257905,1.9135068661611008,1.7695791156100151,5.722085048010981,6.222536279342329,98.24089737844491,55.83303899307583
2019-01-24 00:00:00,28.22116614505374,16.408113147166446,5.323584017457257,6.30125198149526,1.613796285615411,2.286915613054984,2.03004572175049,1.8236891056256597,2.806200171418406,4.5631061259706645,76.8896771880939,40.2736990421482
2019-02-15 00:00:00,27.730036405579785,16.230344726095442,5.333382321873076,6.400419661212768,1.521875,2.560516537735274,2.029580524761851,1.6149900980043672,3.212158564244157,4.605070804403982,78.49379689952481,41.279216863144896
2023-04-01 00:00:00,56.2765105419556,39.39759954003159,9.05693987912204,10.68353048522174,2.791604938271605,5.261724349784968,2.6054202132863704,2.9206742687159166,8.381424335602915,10.146318208904413,134.62584680982374,87.43559600556176
2021-03-10 00:00:00,30.2328913373049,18.388897976988936,5.523057819579662,6.625610424404797,1.4641720951371002,2.28756957328386,2.0916789632385964,1.9311930825131085,2.883601418366822,5.20543449375498,87.6372629230197,45.12095666890186
2020-06-12 00:00:00,32.04749364004444,16.86175468018009,5.381638796721528,6.767546566569202,1.5946587537091987,2.024230378890393,2.041609123713636,2.0933749025720974,3.335038960106288,5.261775680421422,88.87962288293731,47.36233572228842
2021-11-05 00:00:00,30.82663020773992,18.96658878504672,5.452886666878963,6.762559437667976,1.8154832180806209,2.1593290014586914,2.171197312156384,1.8669518235029263,3.1907586923947293,5.25149171270718,91.03853052214376,47.72621739785918
2022-07-22 00:00:00,30.616477706387634,17.865497576276027,5.291251872081755,6.586113865006744,1.4785714285714286,2.351257194789456,2.4672762271414808,2.69175702705548,4.165247605333995,5.367272342003494,86.21114522947249,45.869900390975786
2018-06-04 00:00:00,26.986522193707813,15.921045663840264,5.25515720874436,6.258131640301648,1.494707856466741,2.2549109461399808,2.471508664627931,1.7206142634044768,2.9370221127422376,4.524283734570887,76.31283488270822,41.62302068338509
2020-11-20 00:00:00,30.892470154360904,19.453163401105456,5.36878785752707,6.92671866694149,1.4446407538280333,1.964110566205974,2.2548070272513487,1.675138328800525,2.8129639415213497,5.123341804023962,88.31918029534313,45.25286397877483
2021-03-19 00:00:00,28.27156169525556,16.731858486141206,5.24495115794095,6.466881093577243,1.517880794701987,2.479092053044236,1.9741761418385044,2.203335283791692,3.280310732254112,5.069658680669509,84.95434062005764,44.16465915749724
2021-12-20 00:00:00,30.45614035087719,19.522376096540057,5.680589061318544,6.890627089183044,1.5091644846465129,2.2599122394609,2.0802710450873074,1.890337078651685,3.037892533147244,5.534518637508673,89.04599221006943,48.95455657052434
2018-10-26 00:00:00,28.36830793409856,16.35335464133433,5.149607268825149,6.464029803424223,1.6161282716340488,2.323840615617804,2.1616349982359755,1.741984983832959,3.469843868947588,4.677546734244008,82.94018689097136,43.37036740360996
2021-08-29 00:00:00,30.324262101534828,17.57900948113773,5.451824528395307,6.710617928633596,1.4408525754884547,2.50986522162012,2.033619845501033,1.84857541342897,5.275998199258926,5.69907639435813,98.81965554150044,53.83135771660298
2017-10-03,27.88570159955271,17.028836094894206,5.165685046695532,6.28187744288781,1.45572569906791,2.253047967617617,1.6935170315273436,1.775525565890639,4.682429779054626,5.152209925996335,82.99976540165419,45.23597406566539
2016-08-02,25.948033599044717,15.409472077949353,5.162515607544195,6.059847554013941,1.4717921098693953,2.4503212311370106,2.0896058648472087,1.761064483111566,3.3247864953308324,4.65892151009865,74.46667360777889,40.03142653927523
2017-06-16,29.57203943461219,16.62745948232557,5.623686666666667,6.672321020869072,1.8492906135488114,2.6371356539431203,1.8871730716603468,1.9940655299231025,3.550836743138247,4.905376100896683,81.86263812545317,43.18697593547127
2023-07-02,28.488325776515964,17.7372434143925,5.824233201269906,7.01499717729069,1.5006357279084548,2.41434050713829,1.913916535708049,2.258618000311965,3.933017465626163,5.104841428312109,87.53728866953715,48.211177904825995
2023-09-02,28.24360894213283,17.69535536441827,5.510914185182771,6.757053611530778,1.8012503256056267,2.0684667309546785,1.77398119122257,1.966649563878913,3.297718989311603,5.187483697069812,87.11884717883542,47.62051662602914
2023-01-01,30.890194503029647,20.901850908473413,6.491331553146544,7.452024017044352,2.0196518809657507,2.208646893905858,1.9719794344473005,1.7260524710189142,3.670444753761517,5.686701604978704,96.29341974077776,54.448318307328904
2019-08-15,26.378857178175746,15.452756495735258,5.3492433295508155,6.425385696844129,1.5216626899409773,2.6400455313211424,2.4084552014815754,1.8902395166510824,3.2763556008839028,4.68302479568909,77.12041302864674,41.1412341398303
2018-02-16,28.776199328069318,15.89860304504787,5.16755648376685,6.180662497357241,1.3614328823128587,2.7810461695869026,2.120653226516419,1.7293096685624634,3.8037589568894616,5.0011654178344696,82.31323263181714,43.00702379941705
2015-08-25,24.83283600931909,15.55346482190167,5.188648684143328,6.195810160701496,,,,,,4.858046483189331,75.25052531804585,40.75510495420388
2021-04-08,29.01862235402883,17.413680821783156,5.210212403383847,6.322815769417304,1.540415704387991,2.1309232410719887,1.930315789473684,1.8098098098098099,3.3756340813343653,4.925836850145968,84.73608227742382,44.99424450122992
2020-04-11,31.6056885760109,18.65968495508658,5.835421800450899,8.053371010744447,1.3232295398181317,2.083301635602891,2.4039124929042397,1.591496928548335,3.0359848484848486,6.100416145075619,97.25916429517342,51.77976282801507
2021-04-28,30.049050302650794,18.612444753550363,5.480199259733391,6.717676863639243,1.6675059008654598,2.3501423124429404,2.003998951094795,1.7086372766677236,2.888901065782624,5.130593468949275,88.10993731261928,45.2718599218392
2016-10-13,26.174564792706747,15.688094665919008,5.041787550826822,6.05336237689179,1.404535864978903,2.287285283832231,1.8761151855732299,1.889291479820628,3.257276425944762,4.586572973215489,75.8410668994154,39.99032412871764
2015-12-15,26.262550654162318,15.554095434016693,5.29876469933598,6.258110411569018,,,,,,4.535076096151401,76.70028710451065,40.85048722827653
2020-07-31,32.77284656701814,18.896391420860027,7.817102769173867,7.131682592975207,6.331449518863604,2.121212121212121,2.143620290266156,2.14074507183428,2.9300188826970026,5.352425293582105,89.63416890982506,47.70498862604495
2020-07-28,32.79231254888289,18.881528417818746,7.697481119911586,7.020754209478723,6.521634615384616,2.1251510534335103,2.1090119216003242,2.109122259627227,3.2545548967845237,5.145337532832274,90.02738878578262,48.67453166647896
2017-06-15,31.5502390725243,17.539819643633205,5.8215652130494755,7.289665785882285,3.0433868788470195,2.714343163538873,2.2883949191685917,2.6008795074758138,4.029952201637875,5.168310098605916,87.19560611665457,46.02353828997711
2022-02-13,30.18118235186206,18.84354707319912,5.491730824066152,6.682904874109768,1.7069475240206948,2.314553990610329,1.952709170974536,2.447566628041715,3.560252451870687,5.21995714205154,93.49757497096803,51.861490103182014
2017-05-15,29.08459336487179,16.970632057233622,5.396359731376504,6.4077584515078625,1.417357656163626,2.2842666531891243,1.8726156544617407,1.9502064490758946,3.5044410500113146,4.8072788406895235,79.21109673244906,43.25640564272349
2018-07-05,27.964189859192178,16.608713253402247,5.715697645101105,6.57800268221938,1.466485400165504,2.8263073343673843,2.27978758712247,2.2459303426083665,2.9992238388019734,4.797328881469114,80.75930909689095,43.96047131619654
2023-08-01,25.804174696890904,16.98915172988741,5.239977268030584,6.366243535496003,1.6973559064105006,2.205903658094894,2.0886182986639605,2.01429599917721,3.330899994895093,4.872621299262746,80.4777397087213,42.754955428964614
2017-04-15,30.054791206309773,16.870026832742568,5.64667245799521,6.913505563998235,1.421802824336809,2.617262092949731,1.7897363796133572,1.8325318073902725,4.349098826660215,5.122875449978438,85.65995349955908,46.285265374353045
2021-02-16,28.195117287860143,18.378285742166064,5.0331169985775235,6.373762715582243,1.5482943656573396,2.0909915905378433,2.0954257456343695,2.247561588738059,3.2164067048693044,5.0361863456659,87.30182270091133,45.51600896169939
2017-09-24,28.818346190935387,17.9277915843582,5.616036522971164,6.808962117731781,1.43127895549628,2.36218787158145,1.747834210973331,2.1161696370801715,3.5047216906564604,5.0086005999819765,82.28206922753904,45.247649623939836
2022-05-06,30.676595744680878,18.830133249396763,5.596978215038653,6.795245500999777,1.6240332012827767,2.293473799425366,2.0058659486489088,2.023106241067176,4.512486086931703,5.546238257142396,90.6682784684489,47.94804483505286
2021-09-19,28.469374121766375,17.38915806474264,5.123377386196768,6.47020750047592,1.4867704280155645,2.222781012881595,2.0049919484702095,1.8126440566348372,3.113168201007069,5.347398350867216,90.1859445636787,49.17675035441535
2016-03-13,28.70623369274779,17.09330332380424,5.302750090068451,6.420102931416621,1.4455788198650283,2.381924076091512,1.8306830228683935,1.9593998234774932,3.756672886581211,4.890131945253726,85.34234714127551,45.61165687770417
2019-08-05,27.413500197732667,15.909078686430709,4.957485716759001,6.388892067669891,1.51908807398645,2.8595848924543033,2.407646372434622,1.7469256148770245,4.732803108493714,4.797204730456152,80.99241595506717,45.336000065374435
2018-06-06,27.476354434807313,15.93981522657535,5.262482422745825,6.181379142487479,1.437100213219616,2.203900663779186,2.052051439069197,1.623643074250978,2.8146213036220775,4.643198648110239,77.7750853000876,42.26130584866006
2017-10-09,28.0913097839128,17.650717024910588,5.729591836734693,6.7476698339803916,1.3715775749674057,2.6502728060782212,1.8930006785322828,1.8521817835365857,3.150266698511266,5.025002771925933,80.27264518313675,43.510334611691015
2018-01-16,28.26884106075958,17.490394663768434,5.408345439996268,6.506424802759611,1.4224973089343385,2.8851133826812356,2.1550785767739287,1.7069678650970406,3.1436806809388695,4.696400355148906,77.70548112058465,42.309294202293096
2022-12-25,27.458220440012997,17.68305084745763,5.55903767014878,6.3303619777564855,1.3560742070616398,2.1625706214689258,1.9774603174603174,2.0147255689424357,3.5657587013344347,5.133176450080619,91.50796726959531,51.992134750754154
2017-03-15,26.67364523112677,15.35248857425382,5.104051490936228,6.185926445280133,1.4643619291506615,2.410892055436268,1.8774087221095335,1.6601623648476458,2.9689729254946644,4.362363189216588,75.08949293249805,39.75024942919088
2015-06-01,23.90481133095469,14.437482964632736,4.768270894980739,5.683877756905307,,,,,,4.363477851083886,72.4669971376715,37.2856364131916
2022-07-15,27.312733227737652,16.748890994739952,5.2565752322935015,6.255864976258012,1.4575988565983802,2.2502810883741855,1.876505025958246,1.7640121734719754,3.391340244014312,4.8323539870963375,82.51497085673223,44.05880001598915
2016-01-04,27.917054638088544,16.985828978657732,5.954195139261699,6.857251617814996,,,,,,5.002532767681884,82.48078379401741,45.12493172632267
2022-02-28,33.132395280569035,19.881678672999463,5.895246829200767,7.592888501517208,1.8495907688179254,2.4984518499081605,2.3944771104577915,2.185661981811739,5.568051849027833,5.917053424992151,99.33858146284014,55.1465916425785
2019-08-13,27.04861962681867,16.376088080486173,5.853543093651937,7.057345317281794,1.506798830855255,2.940134119081487,2.3338642698674565,1.8950747902225467,3.2931255068024137,4.90402984762661,81.50012346288702,43.663568420965866
2020-10-17,33.27955955846008,18.803642700545286,5.415601067332019,7.491382021765113,1.4799357945425362,2.2393592142188967,2.1752946441891683,1.7868200836820085,3.0709270498631445,5.456439971536037,93.84062866014766,50.4217390118135
2020-07-03,30.06611339618292,17.096338230557677,5.597762330553839,6.965443949262941,1.5546003016591254,2.3819724154766266,1.9972717847983856,2.018836948068781,2.981949250288351,4.925253758681218,88.25906255268926,47.975026830180035
2017-05-13,32.644676479444506,18.001793439077144,5.829200853205728,7.040185569630978,1.5864313612035295,2.2826127434551062,1.9363111004093425,3.6750223015165044,4.711101128642819,5.051119987290925,88.63477104380068,46.37934013239663
2015-08-03,26.064582455654975,16.4307561651944,5.367444159084832,6.556100131752303,,,,,,4.826192763368558,78.47733473505043,41.71456105329685
2015-07-15,24.945466604560735,15.341099537336195,5.457311632571982,6.324040007466774,,,,,,4.516568797371757,75.2580219226408,39.67758425125401
2017-03-26,28.816806817012612,17.642903416068002,5.810947028879594,6.715991880004509,1.4699484831139098,2.496809067131648,1.7741813506768505,1.939930719571721,3.6357848162736737,5.036111441838314,82.09274868817683,44.96107003854821
2019-12-08,26.935081208732953,16.62628996234044,5.217359139440957,6.279005316541609,1.5960073548726033,2.4369889857422806,2.083438525624842,1.767117376294591,3.4748590682304155,5.000079423386216,83.89209469793528,45.99376574508116
2019-04-25,28.072503973209216,17.39285092681228,5.559894296170508,6.637231543344606,1.614630467571644,2.54109427211665,2.254727078130574,1.8464846416382252,3.180253097374488,5.000881754872145,83.35185459365329,43.761151312999964
2015-09-15,25.625594098434515,15.384871868701412,5.260347265016131,6.244663371715538,,,,,,4.593005126866371,75.9884177463683,40.98251291341143
2023-03-04,69.32206955492748,49.68364018232194,10.008280408392965,12.297397304797874,3.0435422801851084,5.694368070953439,3.0688060132986412,3.6044347960924177,10.24735665778389,11.927411497239344,148.52221762154878,103.05351221640504
2021-06-15,27.90110020366161,18.011907638904155,5.393089864144733,6.576708577119382,1.4019340779079272,2.16294156127344,1.9521164393193642,1.734049207673061,3.0078699254564816,4.915268002165675,84.60516348540618,44.64787646441496
2019-10-27,28.76848184580819,17.668031648068787,5.044404035664005,6.082596441782631,1.4692202462380304,2.5587822014051524,1.7372326074388131,1.714872118724345,4.479268034694309,5.067778041521356,87.96728162704487,48.13010438173892
2020-02-27,27.667638997158456,16.953958072457475,5.287939275866841,6.551787342069923,1.658069362714411,2.1354924294405553,2.600596876090073,1.6725438238891155,3.0580726748206835,4.862625682885871,83.27862258494339,44.40222863048408
2016-12-31,30.215542380748033,18.321629652101752,6.476855703963213,7.526310845787757,1.41725401747956,2.7372366288492707,1.8312340735347645,2.026555861034742,3.7834024751002113,5.155350653577045,88.088064718381,47.48414392902892
2019-11-15,28.999532380592974,17.217136179625236,5.711367246279884,6.762834944387496,1.4999426934097422,2.4405852849115663,2.008866740016827,1.7177591355040525,3.175901947568202,4.758952530767095,82.22410853408823,42.88618417292037
2020-08-03,28.54502364382583,17.550978361088656,5.621307824820382,6.7866918235742615,1.7498873366381256,2.2522573363431153,2.1248378728923476,1.8139154798038761,3.1282910757771085,5.0704741500817505,85.08890118402125,46.79857780534541
2022-01-24,28.629597197898423,18.109358599756035,5.414103538844348,6.749637342445438,1.6067443590379369,2.3649665304188137,2.057058584214809,1.889403360232835,3.2427713229469233,5.2058628047713995,87.26661416452515,47.6218547807333
2016-12-15,26.969377772611896,15.93017851745787,5.342454752851708,6.353853129914709,1.4318931531096626,2.3012441032281923,1.8992041280391818,2.1813497404345314,3.4503948227750403,4.6140520560603715,77.55720628003715,40.385198261683215
2022-12-22,27.475362398343307,17.465351110613124,5.481083281045963,6.438751240411442,1.4633514633514637,2.1813787166412815,2.034647823113744,1.6584944751381216,3.730973613486442,4.9758691616916675,86.14289219361272,44.91599001050814
2019-03-19,25.177019918434898,15.112122885169525,5.047166407110571,6.0091630871065425,1.7034982935153582,2.6210096653702495,2.3008975549365527,1.7118193891102256,3.184310354493301,4.587950882578665,74.63241886845056,39.46091124982538
2020-04-15,31.316470212399963,18.760541057292365,5.842837457190912,7.4943124496728135,1.4524595080983802,2.0949541284403668,2.287921717540529,1.7657118875249187,2.6543172569402484,5.65622810220779,90.7464537563311,47.60441190856621
2019-07-04,25.604702823828415,15.815134515861416,5.838886408341076,6.901221090540769,1.5105512841485358,2.5627916934275308,2.2569890606007976,1.8611417236059073,3.0463051466683657,4.532295983906541,76.82476824248953,41.73945397485512
2018-08-15,29.348572399728067,16.54558762833412,5.214967579250721,6.3011281370656365,1.5478510616473484,2.524646209892112,2.4900079191316906,1.7473784024988839,3.8977373928531676,4.875049202525466,80.96761412359709,44.17753284918511
2017-05-29,27.641978981562637,16.8628070232855,5.356909388999696,6.49452994622659,1.3748733535967583,2.720834814072951,1.9855473554735552,1.8185651312847382,3.5205714474248575,4.720216993757856,80.44496986776848,43.565181025212084
2023-09-01,29.21901362751464,18.46913552951577,6.106282609283338,7.486582329418279,1.4164420485175202,2.182105654761907,2.192630676949444,2.1557003931305605,3.2826362142799437,5.358229807284037,92.30369560791634,48.675205325030916
2018-10-14,27.234505093946257,16.6368702452519,5.101312544482513,6.154345669828281,1.4373151308304897,2.1220917707884523,1.7392114828968217,1.7507706900640263,3.5144743656136717,5.24490224592018,84.15680738957916,45.101513060235966
2019-06-27,27.381880557305895,16.478265526919024,5.068212908842184,6.4193645596631415,1.6139810696772725,2.5774157879122948,2.3459130334884257,1.7692854603626023,3.0322755334127582,4.4589396088319235,78.69944735230243,41.70740903357098
2021-05-24,28.755407267913924,18.12543797199771,5.484702065609417,6.607430830039523,1.5243151412189426,2.1060821280991733,2.0494803233543575,1.835982841281857,3.3064250411861615,5.097026170393336,87.27401290812455,47.27908618279057
2017-11-18,29.26160791671825,16.67582006624639,5.733682150116693,6.7494995545167376,1.4026468455402463,2.3007264359518116,1.9220121028744332,1.6260415088622933,3.137253709559718,5.036726842614606,82.72987547148351,43.96125508491451
2015-04-03,24.27963593595055,14.386654694957704,5.127644055433991,6.10447788908799,,,,,,4.388782185943222,74.0141117917305,37.95679277071526
2021-07-18,29.43059933113587,18.328159536323007,5.716231802736992,6.82627845784235,1.719570405727924,2.4659711872826624,2.003692560175055,2.0748129675810474,3.341625541343538,5.513544391329183,93.45546021654435,51.97087169675953
2017-01-15,28.649000959776636,17.440032142983288,5.803507709608356,6.917994154935375,1.3932063173727751,2.4229882070108184,1.9291497975708505,1.7758959985687877,3.0632133613867842,4.892638997650743,81.69237829693643,43.274462407513305
2018-03-22,30.335101070412755,17.23646649597132,5.626188115722992,6.6633041250840135,1.9639484273630616,2.329963935592014,1.9835201838133347,1.6652578959327426,3.2059159080645534,5.145957290732741,84.64915467752311,44.65204124692975
2019-12-24,27.98355897089997,16.700692784010787,6.155128708090653,6.997962706205256,1.5904815650865314,2.2453341183397115,2.0576622361219705,1.6969014688538648,3.232784610869507,5.04822418211072,82.4123608097475,45.18183879514044
2016-09-10,29.15553779927727,16.805639505883025,5.666411782911865,6.687577158522986,1.6939076757917335,2.7622165605095543,1.9646182495344506,2.1273786051630053,3.918574449664332,4.961803060784597,82.69106587787023,45.15062956407077
2016-04-15,29.556452291889677,17.927913829149908,5.776161383982577,6.673090031241125,1.4070910556003227,2.583290039200868,2.15411214953271,1.9600151243028638,3.2702133405347023,4.936437142553738,79.30018696517178,45.11166782537817
2022-02-23,31.166574243407467,18.318813413793528,5.524591139749106,6.799653501529464,1.6276837996096292,2.6395278143682233,2.149695245835027,2.021619293712317,3.4591906721536345,5.345711995725354,90.93010065973728,49.55753198175487
2019-12-12,27.89136918671346,16.67868024270202,5.655679742074155,6.636176924361988,1.6080375782881005,2.3190913564047886,1.8570651804526606,1.7088512805152014,3.282650325545768,4.859343496303566,80.95972650149837,42.449057879171974
2020-05-03,33.49905228928653,18.556797513729226,6.202522881190903,8.230040087679455,1.3376295881199218,2.123689370045179,2.4566987876903945,1.8368033311979501,3.1637737000724835,6.004965014455104,100.36509608246001,53.913350848688076
2021-07-27,27.79732739420935,18.56514033522918,5.151210252897185,6.544428772919607,1.7174474363703431,2.1416453700179434,2.1877940494334362,2.273818144201924,3.4134612770815784,5.0284904013961595,85.57648359333582,45.46783955914901
2018-09-22,29.411110526592655,15.876457101225682,4.932065623683244,6.257466786534811,1.3754969812987778,2.736939968124668,2.8502283105022843,1.6080327583202647,3.9242859840933413,4.743835832261114,83.42262813408335,43.80320473907855
2019-06-15,26.974548253583688,16.10592141814282,4.983991064780342,6.120171161903057,1.4048257372654158,2.720198051773317,2.918287192259794,1.8711674528301891,3.488123047849025,4.547815650504081,78.8206662902315,42.247663081716745
2015-12-23,25.503640532342605,15.18232917266762,5.229950099883817,6.129489434573391,,,,,,4.7193391545941665,76.84821653622186,41.280315673717574
2022-03-05,32.693182928975006,18.409342238252833,5.742480518534703,7.171941849786084,1.7019692603266092,2.6057439537329126,1.8969414893617025,1.7542768273716955,5.988761316729683,5.773535614993767,100.23736267994498,54.861865704923105
2017-08-26,28.993919894402516,16.10579779668577,5.298202391723807,6.530466815628963,1.4657323055360902,2.574396040893404,1.8381460213289578,2.018502202643171,3.797740565659803,5.173557026319841,85.2658274591543,46.720484500102636
2016-07-15,28.224141223596273,15.785352128768725,5.507383846075437,6.383347059420796,1.5763673500264768,3.898378482413512,1.8521913491836155,1.7242608948044944,6.557783072695571,4.947822462257825,80.62304879177857,44.0892618102486
2019-02-04,26.956448275862066,17.245186316325277,5.559968454949725,6.521607597013701,1.3888332498748124,2.4289773880566723,2.423592307158232,1.5993977793112102,2.931981126294503,4.745516606165683,78.8171785974382,41.698182192697864
2021-10-09,31.565661928075674,18.511373446565887,5.576775686293412,6.786097825106038,1.8265538561666126,2.122370012091899,1.982037498361086,1.779975085643102,3.568097373478539,5.434139752526592,92.39705738872519,50.176724558970044
2016-06-24,28.96042828422498,17.444126274294693,6.1549817601459225,7.149463533155586,1.5350128783000647,2.8605293035273847,1.7180348916244996,1.936588921282799,2.9861395161546693,5.078313461007273,81.5719780343947,44.45606297075388
2020-01-15,29.097367202540994,17.137278939739083,5.757210358370151,6.713020976502149,1.4268019501910658,2.268290932577416,1.9498032226925075,1.590136461575293,3.4233264785136863,4.6983264507715745,80.88323877621842,41.95396952297891
2016-09-06,26.833734133950976,16.79763027201452,5.79135382412388,6.50913686995759,1.9710900892936078,2.49612595721611,2.0634858812074,1.908915740034523,3.43869916872613,4.885681235226071,78.88574593832197,43.632902986386476
2020-06-15,30.670375715352083,17.338400602777668,5.590562246520629,6.75124798665768,1.6889763779527556,2.044907499502686,2.2504668666176224,2.213274498988785,3.2347700772959525,5.254079426842073,86.76531056884804,46.73959955175184
2020-10-29,32.184025746050324,19.846222486615098,5.581048468190655,6.984460387727064,1.7841997264021887,2.1629388816645,2.156334637375865,1.7612374405076683,3.4724049364154608,5.596380148375543,93.70683566986402,50.484538258575185
2016-01-06,26.925809434617953,16.066218123929964,5.304327757055964,6.352650825210994,,,,,,4.634525835889053,77.20328314647567,42.39293524462814
2016-06-05,29.730965737937073,18.509039746185614,6.4853646019927025,7.048556394417752,1.8104085603112838,2.524620102684263,2.12371242379651,1.7918424753867794,3.7752118808801796,5.4001657485497025,88.34284891996795,48.47813941907422
2016-11-18,27.931319303009733,16.643094436470776,5.347157481790031,6.423224558262077,1.437397612918324,2.5843938203718255,1.9236398729341753,1.8839015353923971,2.8482547561706646,4.487364052500759,76.45914675102365,40.38895369258191
2015-04-09,24.173381038049225,14.346890496651524,4.963156733865632,5.923409562062712,,,,,,4.255389124916033,73.45907599836315,37.77496240197658
2020-02-13,27.941738696104903,16.748452099031216,5.779969407511205,6.611154220157354,1.487059591126577,2.313985578207069,2.2946448577190233,1.7038924523328352,3.1265707196029777,4.72756955524795,82.87727433093085,42.686213040628
2018-06-23,29.62727425626008,17.893410129416868,5.762326568778588,6.760800102997461,1.4429370629370633,3.732864559374384,2.108004220681338,2.242253372681282,3.169520049864949,5.327702580761596,88.10389098152126,48.09084541777647
2021-01-09,33.713142094729825,19.19195361532175,5.370758483033934,7.155237628270235,1.2536489151873769,2.000837170364169,1.9022894168466518,2.914049837925446,3.8113499475051107,5.675977145352644,95.28249242960663,48.31838402726464
2019-09-15,29.564509748516524,17.941595871605788,5.103387163860607,6.453665146407562,1.6481738326398523,2.326917834360177,2.8142082203213024,2.111666326738731,4.367478774455517,5.001402716480206,85.21990190980759,47.280038255439464
2018-01-15,29.908475299640788,19.071295172624282,5.876139355884138,7.074221779107122,1.5835752411274462,2.8271061158363713,2.202843651081936,1.7131758530183727,3.4064966077839105,5.171252470378024,81.16315334344567,45.0309001311731
2021-01-03,33.63979788257939,20.28379224030037,6.07586129816424,7.49397042093288,1.348816029143898,2.041542699724517,2.080093768314124,1.6922361692236167,3.3427775416725694,5.659619946302427,96.48625608907446,51.07785983486918
2015-02-25,24.29385246185014,14.3482007528588,4.771377939466676,5.627815343942245,,,,,,4.297065152528888,74.13223015238775,36.9011684786353
2022-04-15,29.473771644940644,17.68492982778697,5.217984219710189,6.382767176906407,1.7300521998508571,2.298017916343374,2.0496800465386857,1.7777934936350774,4.729374226736994,5.603965813255851,86.62766099482265,47.95871218874427
2019-05-07,26.801824614204794,16.272977736961387,5.321477274850086,6.2138922756318795,1.518177737881509,2.3877807384849636,2.4150896874807373,1.6882984506659415,2.9111255784491408,4.709703486105962,76.77150273557106,40.03075707513289
2021-01-07,35.53192079867414,18.532548102133827,5.009670671692319,6.234334118869568,1.3117924528301883,1.8713104259662965,1.9856144677353063,3.093721729690609,4.4003267743707495,5.294150822555515,86.77080788899309,43.377616639181916
2022-10-29,30.406045669449757,18.323101322487403,5.50694725062945,6.626123271889404,1.4203899268887086,2.3911255411255397,1.9090745732255168,1.7928034796362193,4.415857528536921,5.211373945870246,91.09107481770049,48.9056405640564
2019-10-21,27.27690429642684,16.94662349242104,5.551560459040864,6.46170104377798,1.4690390343314002,2.658575128396471,1.9552685462277521,1.9785559566787005,3.478953059916693,4.901168981348962,81.54978773026257,44.58827552248603
2016-06-15,26.076928234677844,15.430513265240572,5.6238317392457615,6.240816973551894,1.478758747437619,3.008828441899308,1.934687177921136,1.6025068368277127,4.054307593567844,4.6024283637983885,77.32200395792104,41.08486091313009
2018-02-17,30.500053730109528,17.28654813595478,5.262213863514239,6.451940159406641,1.3416850220264323,2.436016906845942,1.9738388625592413,1.6184734321813883,3.8387248769233264,5.22564697265625,87.50998914759273,45.92045295565083
2021-04-02,28.39297882199026,16.520871168729574,5.189636278244532,6.567977346278314,1.4017977528089887,2.100255626909409,1.979619894864536,1.751141795007966,3.168237618631167,5.026892756723191,84.8946606212357,45.02773222006859
2017-04-18,27.786666797499777,16.45272554034401,5.450761330994687,6.368440393072631,1.3497669273919575,2.5543149764942914,1.9835402558314525,1.8444793346346438,3.348517005078822,4.6016500925432124,77.88212259406465,41.46555118591074
2022-11-07,29.736443021846583,19.525270729586584,5.654949502520185,6.8909417862557625,1.5117031872509956,2.2101992031872517,2.3023287300297866,1.774228731692117,3.501488203266792,5.350298942204511,87.03291782086798,48.124737816162856
2019-11-12,27.508582154058917,16.993783251644256,5.530110385781235,6.583200766650695,1.6797673098751422,2.464490369329735,2.098897138326245,1.8042811166828832,3.240467606249317,4.963179737129222,81.53632075086048,42.64469850726724
2023-01-18,58.775896414342604,43.936520570466705,9.08898144042567,10.754321611025311,2.6860980699008863,4.661198738170346,3.080069174232597,3.3851461038961035,8.148104431891625,9.710768122974805,130.7114135674058,87.65108041540769
2016-02-16,27.356077845730805,17.200741924782093,5.137429035478537,6.327158255825304,1.5556300910397702,2.4259279386989845,1.9647918709332384,2.1582947173308638,3.7684763199275078,4.7696066158339985,80.00991921826405,43.15078470373672
2022-11-28,26.66179426274437,17.94943534438908,5.516509774033403,6.372174553061274,1.4716682494460278,2.2849886144683835,2.2255865775330963,2.069403231124301,3.4758250792780787,5.1836636961772244,84.46946086037825,46.03107447300593
2016-05-18,25.72265362416263,15.517101699497694,5.133076181292188,6.029343496734379,1.5005797694563803,2.2234848484848486,1.8965680847698878,1.6637365308271894,3.0567360957234655,4.442369285803419,73.49676508971515,39.05960329068484
2017-12-31,32.55107380355392,19.403628565089864,6.589071369106182,7.946042112044981,1.4829998057120655,2.3699995569928682,2.3599570496407036,2.122291993720565,3.8962141295753674,5.491456026107845,93.23375767165324,51.816491754122964
2022-05-28,31.84574797598959,17.975458385958795,5.699413802291499,7.054601030394164,1.8773960216998191,2.3403390502627146,2.332382892057027,2.0297417631344623,4.8499961068286215,5.874356359928628,97.9783806697754,53.34581521162617
2019-10-04,26.521889763779527,15.789808184038089,5.3547904191616755,6.274907381965302,1.4711859688195992,2.3254548281760212,1.9151052509831137,1.7440786435310418,3.2082701408811016,4.555945647884903,79.48053032005393,40.5041408615884
2016-08-16,26.083431474738173,16.53250939858305,5.149785299318006,6.117927196521981,1.5913284772806107,2.9886863607793837,1.870814126252429,1.8404132231404964,3.610525779498676,4.737033110422444,77.61259237336776,42.648541423570585
2022-08-04,29.007597073719776,17.463941884724605,5.372107616283624,6.4241533765085075,1.9046406892500494,2.2677444096996906,2.3138795691329674,1.605808680630532,3.7244481236203097,5.325629404277772,86.56821018699176,45.52377022319845
2019-01-07,25.915686191224573,17.400495793528776,5.366657888384133,6.488710674926244,1.39073060830383,2.2270324779191877,2.097226074895978,1.7302291204730227,2.8396022228721853,4.45071661636803,77.02359842113711,41.58719162594532
2021-04-06,28.166070882622705,17.734710135306397,5.440102231864246,6.517802143649134,1.4800990624447192,2.1525588635921378,2.1496864675342184,1.7599660729431719,2.835427430718648,4.8986045263440365,82.84835988972479,43.99187191542113
2019-01-14,26.65296709702863,16.442345025078833,5.505569875602376,6.35467013018889,1.321482602118003,2.5858354435467663,2.184166155732679,1.8096646942800787,2.8665568369028014,4.615566669643654,74.3756517294258,40.78938555122684
2015-04-15,24.03833857560821,14.37876627320499,4.789493897755392,5.647736119328621,,,,,,4.169632721202003,72.27067243696503,36.97611268330331
2020-04-27,30.912323612417694,18.284198517980094,5.84722171836266,7.602802027754051,1.4423332699981002,2.1559131303570487,2.208421376157362,1.6059097304903123,2.885526509392321,5.680762059568773,91.47766738406202,49.16135126890566
2018-04-09,28.389622708016887,16.69192851531814,5.390576320786514,6.542260856245692,1.5726887386871349,2.29303622755343,2.211806050244574,2.090382775119617,5.19437967035879,4.865197309780406,80.50132231193787,43.80979038854804
2023-01-11,54.05512713381871,41.17151375922574,8.638327280212923,10.14428937860274,2.8829304029304033,4.188604044678443,2.94462038859882,3.282260442260441,7.594950573673979,9.002589715131338,123.89817012389048,81.0276260154876
2020-03-22,34.056048884741585,18.68364772132812,6.013759965054055,8.336267489982266,1.4353993216157883,2.2645813903436407,2.4495894520764248,1.8173419773095623,3.005110615674843,6.067825212739217,102.5509498360803,54.832156404143994
2022-09-04,27.800315245628873,17.959711418561838,5.130524937247626,6.454320987654324,1.482475355969332,2.465740490963044,2.0080760095011874,1.731894348196535,3.6745587083559283,5.542175180905065,88.73872775309937,48.89219017745641
2019-05-15,26.727059071368846,15.477340962638841,4.828203745217345,5.84060124900857,1.4776198557488336,2.4542858059754185,2.4050249565363684,1.6755793226381457,3.335212495459499,4.560524937929637,75.4191706357762,39.4639875422021
2020-03-01,31.297582046255126,19.531255063352674,5.344123161946117,6.817564833547914,1.3501225763316251,2.061867127685848,2.5185311350320205,1.9083765256646046,3.0587497311635237,5.0408567489368306,92.74202737991612,51.483521008536464
2018-05-10,27.809255007016212,16.745634518591572,5.367808743715247,6.424066467513071,1.4321022460295085,2.51271429939661,2.4016799964255395,1.6706767687109656,3.5048248929201313,4.516735581256148,79.78008272384956,43.34697499470226
2021-09-02,27.77905114932444,16.82166766052724,5.2580550918197,6.395729062395727,1.4535388623534522,2.2535211267605635,2.0940293742017886,1.8127804878048783,3.236740585878195,5.127641693990578,85.86239610078763,46.569275172902024
2020-11-30,30.72127145549528,18.700670218696114,5.728016961218237,6.978472332961251,1.6105243991260012,2.4724833979880336,2.2166874221668738,1.8282630029440625,3.0506091217236633,5.091305780972863,86.49045322078182,45.64815816281614
2022-04-22,29.434648335034698,18.349589627691227,5.308134691785209,6.420964860035747,1.7017973856209148,2.5286452646138153,1.9609973804210723,1.8623414199866464,4.303624229112105,5.400947577071198,89.72919444159565,48.20728639991793
2015-07-05,26.047983891609658,16.285014005602246,6.032353294919031,7.025755288570901,,,,,,4.8741560369772285,81.2764239377781,43.688496056106054
2021-05-27,28.908418663742086,17.906393833527417,5.453476496358212,6.5421267283398,1.6563266483912855,1.9993055957409869,1.9405621256335435,1.8772821816501035,3.4835060237687303,4.9262407835369215,88.19691352702817,45.89692445441697
2015-11-07,27.524865508603348,16.1366207472344,5.434164545778224,6.556905339805825,,,,,,4.887835950450979,81.71836918295571,42.884585093434524
2021-02-15,29.235912004662012,19.033252459699625,5.3141519573018545,6.637524125554463,1.692253849743351,2.6019117435676296,2.118437526082964,2.241426181514011,2.962340114725478,5.2389222850149375,90.96127575827737,48.11992871218268
2015-05-22,24.364851637816628,14.161904367797073,4.779756529277895,5.748314755618863,,,,,,4.386051739611558,74.00261864044468,37.87760023514007
2016-08-23,26.338076833527346,16.34349765493896,5.141569637601798,5.966749114621394,1.5223829495848666,2.633691009480155,1.9103278377866209,2.098698437308744,3.5847280221270146,4.666638558788628,76.58635353063802,41.02264398874745
2022-10-15,30.15933166409863,18.18421052631579,5.532144961697115,6.71403038427167,1.4686536485097637,2.0857646152152363,1.8134920634920622,1.8069315913627289,4.102061754934532,5.264165297303878,87.05139170947325,47.18998087039691
2019-04-04,25.87592377865635,15.678751273157218,5.042941559193934,5.980149934810952,1.4693297056641113,2.457460994799307,2.1308917368223494,1.6800280845088407,3.017850892544628,4.51629097264329,75.96001110224472,39.77940961820495
2019-03-03,28.999690984817953,17.029219393305148,5.009626216077829,6.337424367974234,1.6112964198354451,2.454606714040677,2.8145406226271823,1.551043487200576,3.0782730143308235,4.63721741463742,83.02344794396025,44.63010579884826
2016-09-09,26.867915182678022,15.739015906251044,5.382338377555825,6.223102373048354,1.544833625218914,2.4996483138603427,1.9283605032158895,2.0556172702362434,3.197596753730169,4.594016371670733,76.15368876499934,42.17487639626442
2018-02-09,29.2450170037274,17.564960887735293,5.639439459016272,6.6601083980864395,1.710946094609461,2.640445628481473,2.3210451601455055,1.6885551240389947,3.196872825616048,4.9180471635712335,81.59846584442434,44.559673746340096
2018-08-06,27.694726088264726,16.494799704275795,5.192255740657361,6.297322144958546,1.6497373029772326,2.6769906456764767,2.3347988680008083,1.8869550330974665,3.9932261574535257,4.826549968678589,82.54327053378458,45.47206356053068
2017-11-01,28.78184848794094,17.103577854877667,5.418243155572856,6.219437170054453,1.4930453563714905,3.567808288727389,1.8148631455322484,1.7112510987401113,5.386203862405249,4.828486894093001,82.78635705745393,45.6810275090704
2017-08-22,26.97639700948912,16.264130434782604,5.50866734706501,6.719814440042184,1.5659919028340077,2.8913064500531864,1.926681177683583,1.738205759757484,4.093257194720722,4.928957601458402,78.0778954378163,42.44459182945111
2021-02-05,29.92856445577309,18.782225523235198,5.472535373678998,6.854409641579314,1.6131599081866872,2.275782033022102,2.087974068071312,2.071646699553676,3.211522434604941,5.0372014429975716,88.6513066586334,45.29848220253112
2021-12-25,29.310600885139753,18.917006802721087,6.124995399168172,7.3346275426058245,1.512765036780615,2.2980186671033236,2.1069958847736623,1.8076575218571,3.4083278831480266,5.931241210865221,96.7500294915654,54.4290605354033
2015-08-29,26.098902720147517,15.666924783984138,5.243754155979862,6.386318280461073,,,,,,4.925925050521762,80.66205276008297,43.09901135518695
2017-01-07,28.22014370328968,16.28043652290733,5.334931174472418,6.400233497209818,1.5005587979634918,2.2605624235837523,1.7804429519469094,1.840157906958743,3.8066674928739617,4.600688448604926,81.31107529769896,44.04650870917712
2020-08-19,29.96239570570044,17.811259947605173,5.312427852289091,6.612529438430836,1.4004340748779163,2.0282237705745736,2.1029211536081194,1.6530359355638167,2.72219877116458,4.910760519757059,85.16794896578389,44.89294839533894
2017-10-15,29.423395292662097,17.630944635188836,5.604656745079215,6.646015517706853,1.4964017521902377,2.2979689095654146,1.8149461145774248,1.6672527840576068,3.896873394205305,5.184169047384494,84.68013892965466,46.32502913324912
2019-04-13,27.7860639742551,16.330582067169654,4.977558283099717,6.20053983669262,1.3360115368768029,3.0135027799841145,2.3084120026972355,1.916867469879518,3.015070419061243,4.5899723693299554,80.72120338636829,43.590859456754195
2022-06-15,29.12606656929817,17.79704753700368,5.558317698561601,6.598258013431478,1.6245517823244047,2.288305061370846,2.004369474646886,1.9217024444720183,3.8943729205844066,5.121132594501444,86.45412051620772,47.019185506545725
2018-10-29,28.474730443592147,17.417214483033693,5.616882581071045,6.825872982603229,1.4525715672003883,2.3102800908402723,2.2340302584576586,1.652721738514901,3.799741699079427,5.142431259572607,83.44543807688986,45.45872965622437
2023-02-07,65.68087469721505,48.174344648015435,9.872494468306662,11.644222638318443,3.3036117381489833,4.982205501042252,3.075774383479819,3.365925345351231,9.167468323117928,10.968185420609114,143.4054240801524,102.74424851724788
2021-02-26,30.346038766749043,18.85354693610751,5.463642392172255,6.710176602105158,2.1274193548387093,2.0973231896308824,2.125128486260535,1.8123550691030517,3.8703101279548906,5.133423469251159,88.79199035916413,45.54713057345433
2016-02-15,29.205145717781097,17.286403401816735,5.650468093861938,6.830177286966871,1.441108810674028,2.4497357711231245,1.9656596278486311,1.9973123732251525,3.5373310412242556,4.875758500935008,82.30810960255249,44.77226723673981
2021-09-07,28.105290203570714,17.876176118237744,5.49425932962186,6.70120220913557,1.460060199120167,2.3055726034122985,2.2403854426568013,1.8236667964188402,3.601832842393406,5.399163523044121,88.33058532563895,47.44035158961997
2020-10-13,28.975189503939,17.04327645051195,5.199314388475734,6.701460881958702,1.461092003439381,2.0409248164711826,2.0106829454406725,1.64943342776204,2.7921797197668594,4.66764960651689,83.29640368655413,43.696189403816525
2016-05-05,27.21115976587905,16.134640788537745,5.456810959988564,6.34737874836696,1.5756363916019385,2.384968498957773,1.9696915734738938,1.7135187896534894,3.3884658489834814,4.8078958964319,77.96965947464751,40.38644931928484
2017-02-16,28.093037651869512,16.232973588059057,5.216538450620263,6.2610149488591675,1.6530780447600326,3.0262641859028787,2.02032742729683,1.9069718224694636,2.9080933078066677,4.565511702615879,77.01728289019898,39.99833312352683
2021-12-24,29.12833461029463,18.417069329610936,5.850022932273351,6.987801660273194,1.530850156383281,2.143427034047684,2.1827937915742788,1.7301225919439578,3.0423948932423497,5.406562581543012,90.17509936063591,50.026131348966
2016-11-15,27.365826408770328,16.57395040572553,5.321092995570178,6.4104357874831654,1.5101260267101384,2.7074301115913686,1.9404211054915885,1.9180904375348007,2.871824145010264,4.432269053862357,75.1608645714543,39.52783355074567
2020-09-03,29.68447378750214,17.58986312341484,5.254858969118139,6.575664179783458,1.4322894322894322,2.19113125101149,2.2220228750841,2.046100624200947,3.2022612160637567,4.884515608514864,85.74275412979642,44.976550937962465
2021-06-09,28.035018839248966,17.745315850150305,5.365321074558251,6.326257947651872,1.4029543112332534,2.079746329771298,2.1632695079267044,1.6751981152281,2.8493173219279484,4.715230559200498,83.9474710414592,44.15926881991227
2018-04-05,28.542891993790203,16.65487421828574,5.37482095102349,6.471956278137104,1.5521007002334113,2.6695179970205194,1.934570565386275,2.116229842589385,3.2399289987205933,4.781580032570785,81.43760831889084,42.72789171995624
2020-03-15,32.581527008851765,17.64256323562247,6.2488663091542005,8.391572313978052,1.3719568567026197,2.220536592218008,2.6219151472341182,1.5829573934837093,3.035484740022321,5.386972648114722,98.40452073947493,53.124482812256964
2020-09-15,27.360407662131532,16.634334370060685,5.129851341913599,6.405619243861064,1.4505762711864407,2.1230329734179056,2.185202205882352,1.748067612333305,2.789975115535016,4.844248094248095,83.54974507508882,44.60910111132078
2018-12-15,28.963864342590792,16.240012433944674,5.218065707470955,6.368809946714031,1.340360291299349,2.4206848730531254,2.0137912625678442,1.823415800607008,2.8213398163155063,4.883601723746881,81.77977685471406,43.635598854145265
2017-07-18,28.35434976266769,16.86367157242446,5.515082424200708,6.728975225761396,1.4005785301049927,2.368176715113633,1.9053097854225391,1.6759355937791944,3.02349108112531,4.75056712375148,78.73644261666422,41.86231087932016
2019-06-06,26.394779888140462,16.5229637537566,5.277560552240008,6.3353631725225075,1.5019622737055325,2.276094515007451,2.3893179272534333,1.7588560885608857,3.4293940481578002,4.57130193409742,79.50108067887899,41.936673122078254
2022-01-30,29.190634419576096,17.890303103489916,5.339248465794008,6.682434859495455,1.4803827751196172,2.337451297158606,2.0355267763388167,2.006191950464396,3.6858353216146473,5.298804897291296,92.75028945440796,50.98037964210577
2020-02-03,25.996884033487262,17.85265362463706,5.827119347733325,6.728837055781714,1.4721357409713574,2.0065111983375656,2.335206694142625,1.635396518375242,2.6680110572347853,4.59580985199277,80.83469142585744,43.05933166840615
2017-09-21,28.51084948844381,17.478585104185854,5.528808307511935,6.676283710336974,1.5849259179729438,2.4859272615330497,1.9395771652558274,1.8517116435022443,3.335976562027095,4.9538663064390684,78.6654473712275,43.44654896522298
2019-12-19,30.941766615753142,17.90804119509938,5.445582653008164,6.701321782707081,1.5119807470963686,2.361636682284774,1.9378471793605725,1.8074766355140186,2.9947229088869025,4.83764174215883,84.25472582344206,42.829451702328974
2018-05-31,27.32676869041645,15.950541451333184,5.313160607029891,6.3512472805413545,1.5993870402802097,2.250726040658276,2.2775723512300945,1.605978692955955,3.083547507018307,4.663107862635431,77.33495509832899,41.713120299255834
2017-04-14,28.41395484524171,15.830662155517569,5.593496554087498,6.722162975973903,1.4340539981379958,2.772747646795159,2.0139211136890958,1.9142149578999503,4.242840977322065,4.969885452968076,79.51920960990934,42.800559804238844
2022-08-07,31.098869978065913,18.41874645490642,5.419252691576953,6.92011986853129,1.6396353166986568,2.283162709649314,1.8737767126023561,1.7690263348634936,4.277637927417662,5.757696559579251,94.04808595260454,51.85718232044205
2015-10-25,28.850840644040108,17.276050760124342,5.717279226128784,6.6993846039548774,,,,,,4.919010531218466,84.89411973336954,45.485815047839644
2019-11-13,28.868860577499092,17.260024843913644,5.631185882636364,6.670091081418469,1.5066457352171643,2.4883237645732805,2.0824742268041234,1.8381324004305708,3.116243278323753,4.727511040309734,82.60050303088009,42.69993568519091
2023-07-01,30.061329372193523,18.002413655385567,5.8558919652216765,6.823952072361338,1.4881796690307325,2.1550141242937846,2.0061064262867108,2.795625427204376,3.764600179694517,5.249048750236498,87.79426088132841,47.27037776724665
2020-03-28,32.861190330232674,18.23168324917314,6.2923367406732185,8.400171544342731,1.4933590920067616,1.9854872942121267,2.408155154598204,1.5910228600033374,2.849203750558119,6.076320066282144,98.32014350393177,51.61875107654394
2017-01-05,26.292688733099144,16.166456374834794,5.3990062580584315,6.4095503680188965,1.4995349702380953,2.4405230891162977,2.0715167934977496,1.828939631517052,3.3207119549095236,4.470143184096541,75.72127820965615,40.12188024189452
2015-04-25,25.74671444321939,14.741598812362232,4.9540936437352885,5.929750905857658,,,,,,4.79243417335292,79.38118420185063,42.40642863424503
2022-11-06,30.922409258285175,20.268484880863312,5.617265453154394,6.996550250335815,1.4291649356044867,2.160231898359442,1.8782700421940934,1.7834982014388494,3.515956884708865,5.413894603576516,91.8652061384016,50.768290768264606
2016-02-22,27.33180319041529,16.82193311353152,5.140851296185549,6.177799277193207,1.5087580405739736,2.4595416564266412,2.105800073618341,1.9413365924115324,3.888393604235444,4.817053051263982,80.7895417999423,43.01317863250728
2020-08-27,29.56441080166292,16.829044739115734,5.167929696416344,6.39055497382199,1.6489954863262235,2.1899776377312454,1.993505772646536,2.003071573456969,3.4686469279742274,5.060510092528938,86.11856694751434,46.06522117012031
2022-08-10,28.872252135283418,18.207891799619194,5.369844846044451,6.391095456354183,1.6506836125553628,2.1984405731947168,2.3467670066343196,1.6668741441553592,3.555249670522771,5.293845617813817,86.74227064422874,46.0150339843849
2020-12-14,30.569746617942453,20.034413005402474,5.884945706561516,7.14456616336736,1.4494514106583074,2.614556962025317,2.110370835952231,1.8270847534651213,3.19572258045692,5.254738065438943,90.14124646913879,46.96439315539939
2016-01-24,27.070719094545815,16.03002412653025,5.496787511288867,6.373947661143961,1.4183298738623666,2.4084283063874894,1.8467323456418738,1.6813123283711517,3.3660509527582043,4.84722812041205,85.04648254602213,47.8627918702971
2023-02-19,82.18788464472817,60.271237113402044,11.606596322349747,14.74248851184166,3.1433363148479434,5.255041160033228,3.5093704245973654,3.852910602910604,11.226828709011707,13.366606114720286,169.42624608229707,126.98582134899748
2018-08-02,29.54371277070845,17.218777270160672,5.380887942196049,6.562730068319875,2.0224268177525975,2.8646507533785535,2.3075968696316087,2.0453805554185376,3.620323689681882,4.984194829428557,85.89919133429845,45.925339097946356
2021-10-07,27.852243634501715,17.445235200152588,5.109556048345645,6.224359923042771,1.470575270002204,2.017363950927965,1.9487328143117446,1.5672411900318366,2.992699306155432,5.048081699441896,84.95139938830863,44.23037980535843
2021-03-15,28.917940908466793,20.27017454452796,5.604553888731639,6.884472158534981,1.493213572854292,2.2313280203117287,2.2376626376164435,2.1007733770799146,2.979622763179107,5.185548935642025,89.02421286578593,46.73629772597928
2020-07-15,29.530689122264754,17.312624998878942,5.390974419186155,6.728393463518588,1.6266108602268974,2.228448454248231,2.256514657980456,1.7510229998588966,2.97446982406332,4.706005875428194,85.51980733656767,44.92472394996157
2017-04-22,29.370153670836565,16.606525410449702,5.450846704791518,6.519529209305185,1.4233732175053264,2.877075191234926,1.976640711902113,2.175782116707345,4.135172340763487,4.728421285540436,82.66155382870299,43.40985592193865
2018-07-23,28.14970581991326,16.67533284167215,5.206875129426383,6.412317007048619,1.6443252904378909,2.66572715385733,2.4107278351718904,1.813575468889551,4.041219833688629,4.962176445627434,81.56852716954117,45.18951382412227
2016-07-25,25.933869530810625,15.525892237724502,5.528562232178273,6.530686907851155,1.5265754653509753,2.465932300631095,1.8479584527220634,1.8478099785937763,3.376015574010308,4.71409980543995,75.36464949249125,41.33722385770477
2015-11-12,25.660555163062067,15.998013609381786,5.305699744075417,6.307061769726923,,,,,,4.6571184637981045,79.21233199248823,41.711582435415096
2021-05-14,28.679489942936225,16.651335208125133,5.2930322342554605,6.52552689545508,1.538390719941079,2.2620409669680757,1.9597989949748744,2.09876049580168,4.00275482093664,5.005329512893983,86.4093125387084,45.50999943601603
2019-01-15,27.246627724918703,16.064937270797145,5.077527235875346,6.0703482982386445,1.4309265175718855,2.4361584827991756,2.035365320110836,1.7008056807319407,2.799524257343586,4.497646372301108,75.91992311661896,40.088980160841835
2022-07-08,31.494800521364613,18.224140447142616,5.41098651883583,6.598059563813666,1.4896791842825168,2.8211262912362547,2.1332548557975275,1.7542277339346108,3.9628174590899254,5.4799542213222985,87.38332255979316,47.06319906580186
2022-06-20,30.463010654060533,19.318847126852198,5.842134831460673,7.080446186062908,1.492723492723493,2.2675949606895895,2.1825385791741976,1.8535620052770445,3.8499943265630305,5.501134776536313,89.33059487107627,50.74941279579316
2015-10-16,25.55329254683813,15.580504796710828,5.354084764156708,6.355232743503903,,,,,,4.495364792266149,77.74240485463473,41.23063167776836
2022-01-29,28.75718727942159,17.790523351781722,5.42961759499503,6.559463729319351,1.6267942583732058,2.3172165339400834,2.176350065856871,2.1119414603767708,3.3702024019484345,5.323217749183973,89.62646601131058,48.89691720325944
2019-09-23,26.284547447240847,17.575577944201864,5.660086747782368,6.45432914368894,1.3786502724605283,2.302430895192552,2.020574619736939,1.7575065493383488,3.043409882639428,4.911244688777462,76.89738100732934,41.78795313159634
2016-03-15,27.172718195185112,16.38740821397661,5.294658042211502,6.40269914756974,1.4573461772107958,2.373199990383922,1.927509056040912,1.7853548499045633,3.4730362862743216,4.622441390910292,78.93240405542859,41.43469722662874
2017-12-15,28.33753014633438,16.913575062984744,5.453377240006122,6.492237416727023,1.5185216797541827,2.451431464086845,1.8918042751494275,1.84472049689441,3.104862298464017,4.703168758026334,79.94485397929692,42.18636467462524
2016-12-19,28.01207455017213,16.570895695287543,5.364554347514272,6.296536767470591,1.4975406734771093,2.407186370164925,1.8158872641281794,1.9948298341051116,3.448074309614598,4.825655144578659,79.10475135885603,41.76681271337538
2016-12-07,26.934901171303054,15.907233919032167,5.2578640034294555,6.160238297323718,1.4161621257988564,2.4989729185880782,1.8658407229835807,1.9664725209080047,3.7173095416176927,4.608445377649993,75.38930471556546,40.20005641928627
2022-03-19,30.960889325111477,18.471033897198094,5.4607944457694035,6.832699431958508,1.6492972231744942,2.303478343284996,1.866238894373149,1.6327137546468404,5.5289753358732705,6.185742450970217,96.74408880587508,53.13246074410896
2018-04-15,32.474139775534404,19.173392917169238,5.585209163346612,6.8450952430640095,1.6751016719385454,2.5419592363456935,2.9318868442735515,1.8739997807738686,5.75559135873049,5.513655449898825,90.21056152973462,49.59778053701692
2021-11-17,27.687959062902493,17.96330004136871,5.248861470412777,6.284449654391851,1.5785095320623919,2.1030736788293174,2.0541864012201976,2.112112618999392,3.086712105324478,4.970922513532047,84.51597311728966,44.755463394965716
2015-03-09,25.02993158121948,15.631627819975817,5.346013277896996,6.553343764038854,,,,,,4.465032849965553,77.69032905715487,39.53815216541079
2019-09-12,28.27848989315833,16.818054864324818,5.586507973406483,6.450615344108579,1.6575359757636965,2.4611466958287758,2.4808537714021286,1.6977825464949925,3.0705284032753335,4.765543572669369,78.92471596065192,42.23891876180785
2016-09-15,25.68254613138823,15.620656058727908,5.356782846403559,6.309821241750597,1.3677144464989144,2.293998359460445,1.849259655014501,1.9171552705951833,3.08404899183102,4.456271643529155,76.17744606392118,39.74868611220598
2021-12-15,30.18551776404932,18.655783768531684,5.528538649075005,6.72627863612147,1.4785565841677686,2.1398574700941713,2.228780131482834,1.8893109061313074,3.293860009307163,5.42404107520387,88.8562154774785,47.36995702283376
2019-07-14,28.472774925117662,16.731902574278955,4.938603302790289,6.134392449862368,1.4635779325120515,3.533501896333755,2.680654854419231,2.0158198965622147,3.0527552328064935,5.019738402629529,84.30892719389249,48.26513255962521
2021-01-11,31.773157295274412,18.61749116607773,5.37766199749459,6.832720224674657,1.387926215762996,2.28968412634946,2.1520573696303003,2.953452105288029,3.4577399756986638,5.025560583498388,89.67496133514928,46.39985901332439
2020-01-02,25.796127990800933,16.246879958587005,5.545952764734738,6.384699641047296,1.3787794472268595,2.075787949660321,1.87249055853707,1.7333116248778897,3.3366243067817267,4.76161098987186,77.874711474298,42.912687465790896
2021-07-15,27.490680450202497,17.025975065766904,5.306818181818181,6.481385002256754,1.6007469322425751,2.0740042161322525,2.0471995889304853,1.9100234139814916,3.126566953363432,5.107801240154183,84.70771265952241,44.760307298335476
2017-09-25,29.410853519713093,17.34584436845399,5.618755637134674,6.692499889117225,1.429191716766867,2.4679024574312534,1.930839054508593,2.1584685505925254,3.533506744254646,4.892283818908329,81.17075532012058,44.4121183328156
2016-05-27,25.621461863087458,15.41583920642234,5.710224139707084,6.141030892643793,1.541888105130931,2.138150648853134,2.4207580670063304,1.6642535311091986,3.568780087008732,4.601298786722717,75.19431890008885,41.062611458001456
2021-08-22,30.014817606569732,17.05359840473744,5.139587593308861,6.5627525635934685,1.969354250273623,2.6362381989832966,1.7982565379825655,1.679564456542874,3.4607337897084856,5.817714492578741,94.96317341722379,52.557605228964036
2022-03-13,31.742775115076178,19.075772609568983,5.4777297329987,7.007249249589395,1.5365944734876773,2.565970535858831,1.8977879481311974,1.8057553956834536,7.063794498381876,6.203014134075041,102.19356736153591,58.39299427575322
2023-03-01,66.76553822443061,48.25528066836726,9.970923658449896,12.141161688793359,2.920855352095367,5.085585117439203,3.027374805343824,3.4441733359359756,9.702450308430434,11.033158240315169,145.37821685731961,98.72947763651956
2018-10-15,26.858771793275213,16.690092623484723,5.454436414582768,6.4014152283705625,1.4099780276592997,2.256386169021209,1.9711189254626162,1.695172080277263,3.1892798466593653,5.1159158981634745,80.726459270249,43.42481627601145
2019-05-09,27.98855538170364,16.648501039298015,5.355375606668073,6.284563508448095,1.6779475982532754,2.32562588646634,2.5970908295510475,1.779561357088258,3.1517549395601736,4.825483076236337,79.43306317609955,41.417808731102454
2015-08-13,24.712941465374822,15.016242679355788,5.378678440534106,6.272452895557389,,,,,,4.523087416980792,75.20110745169468,39.38545903060207
2020-06-30,31.56045815075712,17.989369108322197,5.64603099304238,6.82237839184504,1.6093797584001623,2.159472831186556,1.9726484632145005,1.9334235453315292,3.139893175579342,5.115311099011851,89.32109931522588,47.35934165010671
2023-02-11,76.90493935903514,55.89600110124578,11.071688641253374,13.267008065548582,3.206739714699194,5.6126475820798944,3.1634489955648326,3.289809782608695,10.417522658610265,12.591843519698568,158.79297915687175,113.59066869845823
