user_id,POWER,ACHIEVEMENT,HEDONISM,STIMULATION,SELF_DIRECTION,UNIVERSALISM,BENEVOLENCE,TRADITION,CONFORMITY,SECURITY,subreddits,cluster,pca1,pca2
Riddla26,0.3,0.65,0.1,0.15,0.85,0.55,0.45,0.1,0.2,0.8,"['nexus4', 'GalaxyNexus', 'techsupport']",0,0.3449863746540867,-0.4504095884166834
MexicanSpaceProgram,0.1,0.5,0.6,0.3,0.9,0.8,0.5,0.1,0.1,0.4,"['AskReddit', 'fatpeoplestories', 'MexicanSpaceProgram', 'MaliciousCompliance']",1,-2.1245658827966802,-0.8116764748381233
Spazit,0.1,0.2,0.1,0.1,0.4,0.3,0.5,0.5,0.7,0.8,"['gaming', 'fffffffuuuuuuuuuuuu', 'reddit.com']",2,4.002962189906175,-2.039273309523812
Mortons_Spork,0.55,0.9,0.4,0.5,0.8,0.2,0.3,0.45,0.25,0.6,"['Games', 'Neverwinter', 'elderscrollsonline', 'ffxiv', 'Guildwars2']",3,0.7347216850692581,2.6244351516340525
N8CCRG,0.1,0.45,0.2,0.35,0.9,0.85,0.55,0.15,0.1,0.3,"['news', 'AdviceAnimals', 'AskReddit', 'TrueReddit', 'theydidthemath']",4,-2.006290716893765,-1.4647198275584967
opsomath,0.1,0.4,0.2,0.2,0.7,0.6,0.8,0.5,0.45,0.85,"['personalfinance', 'Christianity', 'bjj']",5,1.9819879676548386,-2.374343199114956
TDuffin,0.15,0.85,0.5,0.7,0.9,0.55,0.55,0.1,0.1,0.45,"['pcmasterrace', 'gaming', 'pcgaming', 'GlobalOffensive']",6,-2.234952479325802,0.9280197319771031
ax4of9,0.3,0.85,0.1,0.6,0.75,0.4,0.3,0.25,0.2,0.5,"['LiverpoolFC', 'soccer', 'leagueoflegends']",7,-0.20998572690543452,1.3931449567915495
kidcrumb,0.15,0.75,0.35,0.5,0.85,0.35,0.4,0.2,0.15,0.65,"['gaming', 'asoiaf', 'AskReddit']",8,-0.6592992576324265,0.7663513256023815
phrakture,0.1,0.8,0.1,0.2,0.9,0.7,0.5,0.3,0.2,0.6,"['fitnesscirclejerk', 'bodyweightfitness', 'Fitness']",9,-0.15285367781044906,-0.8699056387973905
AlwaysLateToThreads,0.85,0.8,0.45,0.3,0.7,0.15,0.5,0.55,0.4,0.7,"['AskMen', 'AskReddit', 'TheRedPill']",10,2.5005790707107716,2.4716330599264187
PlanetaryGenocide,0.85,0.8,0.85,0.8,0.75,0.05,0.05,0.05,0.05,0.2,"['WorldofTanks', 'AskReddit', 'Eve', 'buildapc']",11,-1.9143165947283736,5.318183452466837
copaway,0.45,0.55,0.1,0.1,0.45,0.2,0.45,0.6,0.7,0.85,"['news', 'AskReddit', 'politics']",12,4.713118433111065,-0.09021040796515717
Sparcrypt,0.25,0.8,0.2,0.2,0.6,0.3,0.6,0.25,0.4,0.9,"['AskReddit', 'AdviceAnimals', 'Gaming4Gamers', 'DestinyTheGame']",13,2.3226320750219025,-0.08669309701751295
VAPossum,0.2,0.6,0.2,0.3,0.9,0.8,0.7,0.1,0.2,0.5,"['AskReddit', 'AdviceAnimals', 'childfree']",14,-1.1487023897832709,-1.3098122616099035
UnholyAngel,0.3,0.85,0.15,0.4,0.75,0.1,0.2,0.1,0.2,0.4,"['DotA2', 'magicTCG', 'leagueoflegends']",15,-0.1578800898921339,1.978734084348931
adelie42,0.1,0.6,0.65,0.75,0.9,0.7,0.6,0.2,0.2,0.4,"['AskMen', 'DebateaCommunist', 'politics', 'AskReddit', 'funny', 'Anarcho_Capitalism', 'austrian_economics', 'changemyview', 'IAmA', 'Libertarian', 'Shitstatistssay', 'todayilearned', 'occupywallstreet', 'AdviceAnimals']",16,-2.3796891025137863,0.0622263464413768
divisibleby5,0.55,0.65,0.3,0.45,0.85,0.6,0.6,0.15,0.15,0.45,"['WTF', 'gameofthrones', 'AskReddit', 'asoiaf', 'Parenting']",17,-0.9378864641186095,0.684339493193162
silverhydra,0.3,0.8,0.1,0.4,0.9,0.5,0.2,0.1,0.1,0.2,"['Fitness', 'fitnesscirclejerk', 'AdvancedFitness', 'Supplements']",18,-1.6876487357317214,1.2251338083988064
musik3964,0.2,0.55,0.15,0.35,0.75,0.85,0.5,0.3,0.4,0.8,"['Guildwars2', 'AskReddit', 'changemyview']",19,0.8189639706986569,-1.3758786230643318
gwarsh41,0.35,0.5,0.9,0.8,0.85,0.05,0.35,0.2,0.15,0.35,"['Warhammer40k', 'Warhammer', 'AskReddit', 'wow']",20,-1.9820282914641916,2.6330610719418814
VeryLittle,0.25,0.8,0.1,0.5,0.9,0.7,0.55,0.1,0.2,0.4,"['atheism', 'Physics', 'askscience', 'DebateAnAtheist']",21,-1.4152088918673453,-0.0016068913220059202
kerat,0.35,0.6,0.1,0.2,0.85,0.75,0.25,0.3,0.2,0.65,"['arabs', 'Egypt', 'worldnews']",22,0.2151624704561289,-0.2665355579982544
stanleyfarnsworth,0.55,0.85,0.15,0.25,0.82,0.45,0.2,0.3,0.35,0.75,"['AskReddit', 'guns', 'AdviceAnimals']",23,1.3317589139586627,1.472366110251039
thediscobison,0.15,0.35,0.5,0.4,0.65,0.75,0.85,0.2,0.25,0.45,"['AskReddit', 'funny', 'AdviceAnimals', 'pics']",24,-0.59860913891454,-1.7357586688413018
stevenmcman,0.15,0.5,0.4,0.45,0.85,0.75,0.55,0.2,0.25,0.65,"['windowsphone', 'AskReddit', 'leagueoflegends']",25,-0.8251333228009033,-0.9186389678566462
ldonthaveaname,0.6,0.9,0.3,0.6,0.95,0.3,0.2,0.1,0.1,0.4,"['technology', 'AskReddit', 'writing', 'DestructiveReaders', 'news', 'Assert_Your_Rights', 'AmIFreeToGo']",26,-1.491369425074562,3.042586944809194
seamonkee,0.75,0.85,0.25,0.3,0.8,0.15,0.55,0.15,0.1,0.4,"['AskReddit', 'fffffffuuuuuuuuuuuu', 'IAmA']",27,0.0047136140283132325,2.359296152778635
taint_odour,0.3,0.85,0.15,0.2,0.8,0.35,0.55,0.25,0.3,0.75,"['AskCulinary', 'KitchenConfidential', 'Chefit', 'startups']",28,1.1322208289414242,0.24289054850530042
jbisinla,0.2,0.75,0.3,0.15,0.85,0.45,0.55,0.45,0.5,0.75,"['LosAngeles', 'todayilearned', 'wicked_edge', 'smallbusiness', 'AskReddit', 'TrollXChromosomes', 'Entrepreneur', 'bicycling']",29,1.6343940121186802,-0.4686860634109957
MuffinMopper,0.5,0.75,0.1,0.3,0.85,0.45,0.3,0.25,0.2,0.65,"['AskReddit', 'Economics', 'MMA']",30,0.40243649363474876,1.0729069359214023
kezorN,0.15,0.4,0.1,0.1,0.9,0.85,0.3,0.1,0.15,0.4,"['soccer', 'FIFA', 'Barca']",31,-1.2194805885673599,-1.4984126795494506
CMUpewpewpew,0.85,0.8,0.65,0.55,0.75,0.15,0.3,0.2,0.15,0.4,"['OkCupid', 'AskReddit', 'JusticePorn']",32,-0.35277379402900766,3.831481621310154
AhmadA96,0.55,0.9,0.3,0.4,0.85,0.1,0.3,0.15,0.2,0.5,"['Fitness', 'writing', 'keto']",33,-0.06663195907824862,2.658975164099034
Clay_Statue,0.2,0.75,0.1,0.3,0.9,0.65,0.25,0.1,0.1,0.45,"['todayilearned', 'politics', 'atheism', 'WTF', 'funny', 'worldnews', 'CanadaPolitics']",34,-1.2354935129093902,0.19564834233220899
sethra007,0.1,0.3,0.1,0.1,0.7,0.6,0.8,0.2,0.5,0.7,"['hoarding', 'childfree', 'AskReddit']",35,1.3697127972098486,-2.782665552640454
Cristal1337,0.3,0.8,0.4,0.5,0.9,0.7,0.5,0.1,0.1,0.5,"['AdviceAnimals', 'AskReddit', 'videos']",36,-1.6955660167331743,0.5887927141772086
AnathemaMaranatha,0.25,0.45,0.1,0.3,0.85,0.8,0.5,0.2,0.35,0.6,"['AskReddit', 'MilitaryStories', 'Military', 'atheism']",37,-0.09952052277034226,-1.3676722463308308
Escape92,0.2,0.5,0.2,0.15,0.4,0.35,0.85,0.7,0.55,0.8,"['changemyview', 'AskReddit', 'actuallesbians']",38,4.066508313228035,-1.667771842985453
gravityplanx,0.1,0.35,0.2,0.55,0.85,0.95,0.75,0.1,0.15,0.3,"['AskReddit', 'AdviceAnimals', 'magicTCG']",39,-2.3058079460972136,-2.0051707538855066
AdmiralUpboat,0.25,0.7,0.2,0.4,0.8,0.6,0.6,0.15,0.35,0.5,"['leagueoflegends', 'AskReddit', 'Android']",40,-0.2282222159195945,-0.32144532339569015
Zifnab25,0.1,0.3,0.05,0.1,0.75,0.9,0.8,0.15,0.2,0.4,"['Christianity', 'Economics', 'Libertarian', 'politics']",41,-0.5275188074585802,-3.070056981989292
alepocalypse,0.45,0.85,0.6,0.55,0.8,0.3,0.45,0.15,0.2,0.5,"['Marvel', 'AskReddit', 'wow']",42,-0.7367509253878837,2.1808176399487103
Atheizt,0.35,0.7,0.4,0.5,0.6,0.5,0.5,0.2,0.8,0.85,"['AskReddit', 'bicycling', 'DoesAnybodyElse', 'brisbane', 'Fitness', 'relationship_advice', 'seduction', 'fffffffuuuuuuuuuuuu', 'australia', 'reddit.com']",43,2.252496023065212,0.2739257044455402
flyingbatbeaver,0.45,0.7,0.35,0.2,0.75,0.35,0.65,0.4,0.55,0.85,"['AskWomen', 'relationships', 'weddingplanning', 'AskReddit']",44,2.374662555676117,0.11378690948352528
APeopleShouldKnow,0.1,0.5,0.4,0.1,0.8,0.4,0.2,0.7,0.3,0.7,"['disney', 'gaming', 'apple', 'movies', 'PS3']",45,1.5796672773797968,-0.32755329562755703
keepcalmandreadabook,0.15,0.6,0.75,0.45,0.8,0.1,0.3,0.1,0.4,0.85,"['writing', 'relationships', 'getdisciplined', 'personalfinance']",46,0.22660854095176808,1.2592981392412048
aveydey,0.7,0.9,0.1,0.15,0.35,0.25,0.2,0.8,0.65,0.85,"['nba', 'politics', 'lakers']",47,5.598469262093199,1.844196407234319
cgmcnama,0.3,0.9,0.2,0.3,0.8,0.2,0.4,0.1,0.5,0.7,"['DestinyTheGame', 'DarkSouls2', 'hearthstone']",48,1.127522849870467,1.0797949182700943
DoxBox,0.75,0.85,0.2,0.1,0.7,0.05,0.1,0.3,0.15,0.65,"['funny', 'pcmasterrace', 'trees', 'videos', 'atheism']",49,1.8082364846047372,2.93673133355864
LordMondando,0.1,0.3,0.2,0.3,0.9,0.85,0.65,0.1,0.15,0.5,"['Planetside', 'unitedkingdom', 'MillerPlanetside', 'worldnews']",50,-1.5399136388186103,-2.202239534140182
slapchopsuey,0.35,0.4,0.1,0.2,0.85,0.15,0.3,0.55,0.25,0.7,"['PoliticalDiscussion', 'politics', 'AskReddit', 'redditoroftheday']",51,1.4718486988610633,0.2135111953606432
NotRoryWilliams,0.15,0.8,0.3,0.25,0.9,0.5,0.6,0.1,0.2,0.7,"['BipolarReddit', 'AskReddit', 'applehelp']",52,-0.4273910762095101,-0.2894618368442688
inthemachine,0.1,0.6,0.4,0.7,0.8,0.7,0.3,0.2,0.1,0.3,"['motorcycles', 'news', 'AskReddit', 'explainlikeimfive']",53,-2.187505711862269,0.41830732765674394
iwrestledasharkonce,0.05,0.5,0.25,0.35,0.8,0.65,0.9,0.7,0.35,0.6,"['college', 'ADHD', 'AskReddit']",54,0.938804212238981,-2.1373421395310253
sirberus,0.6,0.9,0.15,0.55,0.85,0.6,0.75,0.1,0.25,0.4,"['pics', 'funny', 'WTF', 'JusticePorn', 'keto', 'business', 'worldnews', 'politics', 'technology', 'AskReddit']",55,-0.7855206693855562,1.015408596742938
Gian_Doe,0.25,0.75,0.35,0.45,0.85,0.55,0.5,0.2,0.3,0.6,"['formula1', 'shiba', 'todayilearned', 'GT5', 'AskReddit', 'nfl']",56,-0.37825245190052464,0.3130592118618975
BabalonRising,0.25,0.35,0.8,0.65,0.9,0.4,0.55,0.1,0.15,0.3,"['relationship_advice', 'politics', 'relationships', 'news', 'canada', 'worldnews', 'AskReddit']",57,-2.5801111405731856,0.669541073087489
maxpenny42,0.1,0.3,0.5,0.6,0.9,0.8,0.7,0.2,0.1,0.3,"['AskReddit', 'politics', 'Frugal', 'changemyview']",58,-2.638446697222176,-1.2939080926815174
Patius,0.65,0.8,0.1,0.3,0.55,0.1,0.15,0.5,0.6,0.85,"['todayilearned', 'zelda', 'AskReddit', 'masseffect']",59,3.8945093917313733,2.169496864601604
gurlat,0.2,0.75,0.3,0.35,0.85,0.65,0.5,0.15,0.15,0.45,"['newzealand', 'AskReddit', 'AskScienceFiction']",60,-1.0903432083904727,-0.0466508636869862
Mile_Marker,0.2,0.5,0.3,0.15,0.4,0.35,0.75,0.65,0.75,0.85,"['AskReddit', 'relationship_advice', 'relationships']",61,4.469681653260955,-1.4794310739937737
kafros,0.35,0.85,0.05,0.1,0.75,0.3,0.2,0.15,0.4,0.8,"['greece', 'worldnews', 'europe']",62,1.7922383449360189,0.8482180111752038
Frankeh,0.2,0.6,0.3,0.5,0.9,0.8,0.3,0.2,0.1,0.2,"['Bitcoin', 'videos', 'AskReddit', 'funny', 'unitedkingdom', 'self', 'Fitness', 'AdviceAnimals', 'europe']",63,-2.2818410741634962,0.12565593034427902
MehraMilo,0.15,0.75,0.55,0.45,0.85,0.5,0.65,0.35,0.2,0.5,"['gaming', 'Morrowind', 'Games', 'skyrimmods']",64,-0.7333586655223657,0.15599745015678046
formesse,0.2,0.85,0.05,0.3,0.75,0.35,0.1,0.15,0.15,0.8,"['masseffect', 'technology', 'Pathfinder_RPG', 'worldnews', 'starcraft', 'DnD', 'politics', 'linux']",65,0.6027512064328256,1.0163072448815877
MattTheGr8,0.1,0.6,0.1,0.3,0.9,0.8,0.3,0.1,0.2,0.3,"['askscience', 'science', 'AskScienceDiscussion']",66,-1.5835465094133225,-0.7659211522639304
Nonabelian,0.1,0.9,0.1,0.3,0.8,0.2,0.4,0.2,0.3,0.5,"['careerguidance', 'resumes', 'findapath']",67,0.3327376649918314,0.6417314913713348
humbled,0.15,0.75,0.1,0.55,0.85,0.45,0.3,0.35,0.55,0.7,"['linux', 'keto', 'audiophile']",68,0.8336001611023827,0.2980399566406296
Creabhain,0.1,0.45,0.2,0.3,0.85,0.75,0.4,0.6,0.3,0.5,"['AskReddit', 'ireland', 'explainlikeimfive', 'todayilearned', 'wicked_edge', 'funny', 'running', 'gaeilge', 'pics']",69,0.25797256618237896,-1.3174536889436594
mayonesa,0.8,0.7,0.1,0.2,0.6,0.2,0.2,0.9,0.2,0.8,"['Metal', 'reddit.com', 'politics']",70,3.6770557106282844,2.1039514284825795
Dmax12,0.3,0.8,0.2,0.4,0.8,0.3,0.5,0.8,0.3,0.8,"['AdviceAnimals', 'politics', 'Christianity', 'AskReddit']",71,2.061501539534392,0.5947949561049772
jellen525,0.2,0.5,0.4,0.4,0.9,0.4,0.75,0.1,0.2,0.3,"['relationships', 'raisedbynarcissists', 'polyamory']",72,-1.6011675972407442,-0.4105795170880529
Victorvonbass,0.3,0.9,0.5,0.4,0.8,0.1,0.6,0.1,0.2,0.2,"['rocksmith', 'thelastofusfactions', 'hearthstone']",73,-1.0301443068380567,1.7732063482581466
durtysox,0.2,0.4,0.1,0.1,0.85,0.9,0.6,0.1,0.2,0.65,"['TwoXChromosomes', 'AskReddit', 'pics', 'BabyBumps', 'funny']",74,-0.38621205592840724,-2.230664508008716
MsKim,0.1,0.8,0.2,0.1,0.5,0.3,0.5,0.3,0.75,0.9,"['Philippines', 'vegas', 'Frugal', 'AskReddit', 'news']",75,3.70420185762269,-0.6347595103158912
supermegafuerte,0.35,0.2,0.8,0.75,0.45,0.15,0.65,0.55,0.45,0.3,"['AskReddit', 'AskMen', 'AskWomen']",76,0.8109576582528971,0.7686738224363726
meeshkyle,0.35,0.65,0.1,0.1,0.3,0.2,0.45,0.8,0.9,0.85,"['AskReddit', 'Military', 'Veterans']",77,6.127455614478035,-0.27167237975808134
bobisoft2k5,0.75,0.85,0.4,0.45,0.7,0.1,0.05,0.25,0.15,0.3,"['funny', 'leagueoflegends', 'wow']",78,0.09843405226953067,3.888788103597748
hellohaley,0.1,0.2,0.4,0.35,0.6,0.45,0.85,0.25,0.55,0.75,"['AskWomen', 'sex', 'AskMen', 'relationships', 'childfree', 'AskReddit', 'applehelp', 'motorcycles']",79,1.4211153939040544,-2.1640634982906275
KristieKrunchBar,0.1,0.4,0.3,0.2,0.85,0.55,0.75,0.15,0.25,0.7,"['AskReddit', 'TwoXChromosomes', 'AskWomen']",80,-0.17562390634657638,-1.8265799380336596
gaviidae,0.35,0.6,0.15,0.2,0.8,0.4,0.55,0.7,0.25,0.75,"['changemyview', 'explainlikeimfive', 'Christianity']",81,1.89616848076564,-0.3050473376426179
Etheri,0.4,0.9,0.1,0.2,0.8,0.4,0.1,0.1,0.2,0.4,"['todayilearned', 'LeagueofLegendsMeta', 'Drugs']",82,-0.0875265636110827,1.6399208682567654
hankbaumbach,0.35,0.75,0.15,0.25,0.85,0.55,0.6,0.45,0.35,0.7,"['chicagobulls', 'nba', 'AskReddit', 'tolkienfans', 'AskMen']",83,1.1560702211063147,-0.2763861967666024
Bubble_Trouble,0.25,0.6,0.2,0.15,0.75,0.6,0.55,0.3,0.4,0.85,"['AdviceAnimals', 'AskReddit', 'leagueoflegends', 'Guitar']",84,1.541545342151334,-1.0421362698137777
the_raptor,0.15,0.6,0.1,0.3,0.85,0.75,0.4,0.2,0.2,0.45,"['australia', 'WTF', 'pics', 'magicTCG', 'worldnews']",85,-0.7815176998492623,-0.8354467199509678
homehealthgirl,0.15,0.5,0.25,0.3,0.65,0.8,0.85,0.4,0.55,0.75,"['AskReddit', 'dogs', 'fatpeoplestories']",86,1.6562266539750439,-2.2815472414065954
Blenderhead36,0.6,0.85,0.1,0.15,0.45,0.2,0.3,0.55,0.75,0.8,"['technology', 'magicTCG', 'ModernMagic', 'mtgfinance', 'spikes', 'AskReddit', 'Games', 'changemyview']",87,4.789415072842469,1.3584425215429814
Noneerror,0.2,0.8,0.5,0.7,0.9,0.6,0.4,0.1,0.2,0.4,"['Warframe', 'todayilearned', 'AskReddit', 'worldnews', 'AskMen', 'asexuality']",88,-2.1126531911688184,1.1299840784949868
nobodynose,0.1,0.6,0.2,0.2,0.8,0.7,0.7,0.3,0.2,0.5,"['PuzzleAndDragons', 'AskReddit', 'reddit.com']",89,-0.18037282170572658,-1.5643944072795861
riggorous,0.2,0.8,0.1,0.3,0.9,0.8,0.5,0.1,0.2,0.6,"['changemyview', 'dating_advice', 'iamverysmart']",90,-0.776177012142753,-0.6171952931110591
HuggableBear,0.6,0.85,0.1,0.15,0.55,0.1,0.2,0.4,0.25,0.75,"['pics', 'Fitness', 'funny']",91,2.8286719700855594,2.0832990128889364
AdonisChrist,0.85,0.85,0.15,0.25,0.75,0.3,0.6,0.2,0.55,0.8,"['AskReddit', 'InteriorDesign', 'trees', 'funny', 'pics']",92,2.4002733015968323,1.5839221492744584
mookler,0.4,0.5,0.6,0.5,0.8,0.1,0.2,0.1,0.2,0.7,"['jailbreak', 'HeroesofNewerth', 'gaming']",93,-0.35807326019326813,1.9864458334752013
curious_mormon,0.1,0.3,0.1,0.4,0.9,0.85,0.4,0.1,0.1,0.2,"['mormon', 'exmormon', 'mormondebate']",94,-2.391534297685004,-1.4756540992060194
sqwzmahmeatybts,0.1,0.3,0.6,0.4,0.9,0.8,0.8,0.1,0.2,0.5,"['amiugly', 'Sneakers', 'blackgirls']",95,-1.9130836234260902,-1.830565989073342
jbh007,0.5,0.8,0.2,0.3,0.85,0.25,0.25,0.3,0.35,0.6,"['FanTheories', 'gaybros', 'TalesFromThePizzaGuy', 'TalesFromRetail', 'tifu']",96,0.8994098596270905,1.7068935642986562
Johnny_Motion,0.2,0.55,0.1,0.1,0.5,0.45,0.75,0.3,0.65,0.85,"['legaladvice', 'AskReddit', 'WTF']",97,3.303606435807602,-1.7581854248408453
chrismsx,0.7,0.5,0.2,0.1,0.2,0.1,0.1,0.7,0.8,0.8,"['self', 'dating_advice', 'relationships', 'OkCupid']",98,6.140191202178269,1.4238139617808308
Taedirk,0.15,0.6,0.6,0.5,0.85,0.35,0.5,0.2,0.25,0.5,"['gaming', '3DS', 'vita']",99,-1.0054768140388732,0.5323368036185714
Logoll,0.3,0.85,0.4,0.8,0.9,0.5,0.4,0.3,0.2,0.5,"['funny', 'AskReddit', 'pics', 'AdviceAnimals']",100,-1.3478500838095104,1.6500692934520755
FannyBabbs,0.3,0.85,0.15,0.4,0.75,0.7,0.6,0.25,0.55,0.65,"['magicTCG', 'leagueoflegends', 'AskReddit']",101,1.0456307583522837,-0.30219226356603124
feminaprovita,0.1,0.7,0.4,0.5,0.5,0.35,0.8,0.85,0.75,0.6,"['books', 'nfl', 'Catholicism']",102,3.307065637947718,-0.6502871234791935
AKraiderfan,0.3,0.65,0.1,0.15,0.55,0.5,0.4,0.35,0.8,0.85,"['legaladvice', 'philadelphia', 'politics']",103,3.6012169423057596,-0.6619745149602799
grandmoffcory,0.1,0.35,0.75,0.85,0.9,0.5,0.4,0.1,0.2,0.65,"['AskReddit', 'Drugs', 'trees']",104,-2.2842116482815777,0.44438027455043566
what_a_cat_astrophe,0.1,0.55,0.85,0.8,0.9,0.4,0.6,0.15,0.2,0.3,"['AskReddit', 'AskWomen', 'Seattle', 'photography', 'cringepics', 'TwoXChromosomes']",105,-2.71790784951394,0.8714099851986153
ocdscale,0.1,0.8,0.3,0.2,0.85,0.5,0.2,0.25,0.15,0.35,"['gaming', 'leagueoflegends', 'todayilearned', 'AskReddit']",106,-0.752056498408476,0.5083587080435743
ajsdklf9df,0.1,0.5,0.1,0.75,0.85,0.8,0.45,0.15,0.2,0.55,"['Futurology', 'mindcrack', 'MindcrackDiscussion', 'fffffffuuuuuuuuuuuu']",107,-1.6366336678986197,-0.7453359143845201
ernie1850,0.55,0.75,0.85,0.65,0.8,0.35,0.25,0.1,0.2,0.45,"['videos', 'paydaytheheist', 'AskReddit']",108,-1.3693604750518926,3.0107757243583633
mrmacky,0.15,0.8,0.45,0.55,0.9,0.65,0.35,0.15,0.1,0.35,"['technology', 'AskReddit', 'cars']",109,-2.1346796982308045,0.7995136801234275
Marsupian,0.25,0.9,0.1,0.15,0.75,0.3,0.4,0.45,0.65,0.5,"['malefashionadvice', 'Fitness', 'seduction']",110,2.265436225846205,0.3867462169796901
namer98,0.1,0.2,0.1,0.2,0.4,0.2,0.3,0.9,0.8,0.7,"['Christianity', 'Judaism', 'DebateReligion']",111,4.831715733108644,-1.3489240697641383
cabbagery,0.2,0.85,0.05,0.3,0.9,0.45,0.3,0.35,0.1,0.55,"['nfl', 'DebateAnAtheist', 'fantasyfootball', 'DebateReligion', 'Christianity', 'DebateAChristian', 'philosophy']",112,-0.2017994596268827,0.5486802462298241
nexlux,0.4,0.9,0.3,0.4,0.85,0.3,0.5,0.2,0.2,0.65,"['allthingszerg', 'starcraft', 'starcraft_strategy', 'atheism', 'AskReddit', 'IAmA']",113,0.04100700496455395,1.4035472646163643
OMGitsDSypl,0.2,0.85,0.25,0.5,0.9,0.1,0.6,0.5,0.3,0.4,"['mylittlepony', 'AskReddit', 'smashbros']",114,0.11242372004629732,1.056933234564624
Realworld,0.45,0.85,0.25,0.4,0.9,0.2,0.35,0.55,0.15,0.95,"['collapse', 'politics', 'AskReddit', 'funny']",115,1.2940601882272444,1.6969698478131294
petemate,0.05,0.75,0.05,0.15,0.85,0.5,0.6,0.1,0.15,0.3,"['AskElectronics', 'electronics', 'Denmark']",116,-0.9110566753559399,-0.879804771413468
linds360,0.2,0.3,0.8,0.9,0.8,0.2,0.3,0.2,0.1,0.2,"['AskReddit', 'fffffffuuuuuuuuuuuu', 'DoesAnybodyElse', 'pics']",117,-2.699641106133173,1.7559455816812102
dancing_leaves,0.1,0.15,0.7,0.5,0.85,0.2,0.7,0.2,0.75,0.55,"['AskReddit', 'Games', 'truegaming', 'gaming']",118,0.19137646745028836,-0.9324949529184137
CalBearFan,0.2,0.4,0.1,0.1,0.3,0.5,0.5,0.9,0.85,0.8,"['AskWomen', 'sanfrancisco', 'Entrepreneur', 'Catholicism']",119,5.601282399219444,-1.8412314709909676
dudleymooresbooze,0.25,0.7,0.1,0.15,0.8,0.55,0.3,0.2,0.45,0.75,"['nfl', 'law', 'CFB', 'Games', 'SubredditDrama', 'AskReddit', 'funny']",120,1.23527593493677,-0.2938083505265142
Bosses_Boss,0.6,0.8,0.5,0.6,0.7,0.2,0.8,0.5,0.3,0.9,"['buildapc', 'AskReddit', 'Volkswagen']",121,1.694331652424122,1.586295755545501
_oogle,0.8,0.9,0.1,0.3,0.7,0.1,0.1,0.1,0.1,0.3,"['gaming', 'Tribes', 'IAmA']",122,0.26196065578320477,3.4999482617349127
remadeforme,0.1,0.3,0.2,0.15,0.75,0.85,0.9,0.3,0.2,0.8,"['AskReddit', 'leagueoflegends', 'cringepics', 'AdviceAnimals', 'relationships', 'weddingplanning']",123,0.4545446658246027,-3.1487727201665963
THEJinx,0.35,0.55,0.45,0.35,0.85,0.75,0.85,0.15,0.25,0.9,"['BDSMcommunity', 'TwoXChromosomes', 'AskReddit']",124,-0.059516219366831956,-1.1117533311283856
KayRice,0.3,0.65,0.3,0.4,0.9,0.75,0.25,0.1,0.15,0.5,"['paintball', 'Bitcoin', 'linux', 'GlobalOffensive']",125,-1.4133352049849808,0.3788153137047935
RedditReddiRedd,0.3,0.3,0.1,0.1,0.6,0.1,0.2,0.8,0.4,0.7,"['changemyview', 'TiADiscussion', 'TumblrInAction']",126,3.4029103768111373,-0.11613049531349542
CharlieKillsRats,0.3,0.75,0.45,0.25,0.85,0.55,0.4,0.1,0.15,0.7,"['travel', 'explainlikeimfive', 'techsupport']",127,-0.4580443966035339,0.5119700250652971
whenifeellikeit,0.1,0.65,0.3,0.55,0.9,0.55,0.8,0.15,0.2,0.45,"['AskReddit', 'ADHD', 'relationships']",128,-1.5278329070227978,-0.6874010264169196
Punkgoblin,0.4,0.75,0.5,0.7,0.9,0.2,0.6,0.45,0.1,0.5,"['AskReddit', 'funny', 'pics']",129,-0.8421888325427934,1.8371198320009032
Stingray88,0.7,0.75,0.5,0.3,0.85,0.4,0.2,0.3,0.2,0.4,"['fffffffuuuuuuuuuuuu', 'todayilearned', 'apple', 'AskReddit', 'applehelp', 'mac', 'WTF', 'gaming', 'self', 'funny', 'technology', 'gadgets', 'Piracy', 'hardware']",130,-0.150308669492878,2.4759913134164586
EvanYork,0.15,0.4,0.05,0.1,0.85,0.7,0.5,0.6,0.2,0.55,"['Christianity', 'TrueChristian', 'DebateReligion']",131,0.6892086960020992,-1.8559090351021208
NEHOG,0.2,0.6,0.1,0.1,0.7,0.8,0.75,0.3,0.5,0.85,"['Ebay', 'AskReddit', 'Veterans', 'todayilearned']",132,1.9304605040584744,-2.2063980267252044
BigSlowTarget,0.2,0.5,0.1,0.3,0.9,0.75,0.4,0.15,0.2,0.6,"['Libertarian', 'worldnews', 'Economics', 'politics', 'AskReddit']",133,-0.7475218264762037,-0.9945761734803944
VoiceOfGosh,0.15,0.6,0.45,0.4,0.9,0.95,0.85,0.05,0.05,0.3,"['AskReddit', 'gaymers', 'pokemon', 'lgbt']",134,-2.646673684904984,-1.394520483719774
dinosaurdinosrawr,0.2,0.8,0.1,0.3,0.8,0.6,0.9,0.1,0.2,0.5,"['xxfitness', 'Paleo', 'Fitness']",135,-0.43456348472031486,-1.0214472728893529
Nymaz,0.1,0.6,0.5,0.6,0.9,0.8,0.5,0.1,0.2,0.3,"['AskReddit', 'atheism', 'politics']",136,-2.492277938848698,-0.2577024524645557
NMW,0.4,0.8,0.1,0.2,0.6,0.8,0.6,0.8,0.5,0.7,"['AskHistorians', 'AskReddit', 'badhistory']",137,3.145152564990878,-0.7672866813003738
TriumphantGeorge,0.1,0.3,0.2,0.6,0.9,0.8,0.3,0.2,0.2,0.3,"['Glitch_in_the_Matrix', 'DimensionalJumping', 'Oneirosophy', 'movies', 'occult']",138,-2.1260937972702463,-0.8768549059086224
sandsofthyme,0.1,0.6,0.3,0.4,0.9,0.8,0.6,0.5,0.6,0.8,"['pics', 'funny', 'AdviceAnimals', 'worldnews', 'WTF', 'gaming']",139,0.9984660363641694,-1.5261855443236505
kr6218,0.8,0.75,0.3,0.2,0.45,0.25,0.4,0.6,0.65,0.85,"['DoesAnybodyElse', 'AskReddit', 'WTF', 'hockey']",140,4.576524909098163,1.6944975493677588
usrevenge,0.1,0.6,0.7,0.5,0.8,0.2,0.1,0.2,0.2,0.5,"['Games', 'PS4', 'gaming']",141,-0.980066217741367,1.6471843342277641
amaxen,0.3,0.8,0.1,0.2,0.85,0.15,0.1,0.3,0.1,0.6,"['AskHistorians', 'TrueReddit', 'Economics', 'DebateaCommunist', 'AskReddit', 'politics']",142,0.439807785247255,1.5543078563546722
l33tb3rt,0.4,0.75,0.15,0.3,0.85,0.55,0.35,0.4,0.2,0.7,"['AskReddit', 'nfl', 'politics', 'technology', 'Ask_Politics', 'WTF']",143,0.6081571616635706,0.537357567174675
Calber4,0.1,0.6,0.2,0.45,0.85,0.8,0.5,0.15,0.2,0.4,"['politics', 'AskReddit', 'worldnews']",144,-1.4498367292074736,-0.8901831683878428
earthDF,0.6,0.9,0.3,0.5,0.8,0.5,0.3,0.2,0.2,0.4,"['AskReddit', 'EDH', 'rpg']",145,-0.49676127534913056,2.240681294244828
darthyoshiboy,0.3,0.75,0.35,0.25,0.7,0.45,0.6,0.55,0.2,0.85,"['AskReddit', 'Android', 'Guildwars2']",146,1.6855355078644803,0.007965594119596145
Chisonni,0.4,0.9,0.1,0.3,0.8,0.1,0.3,0.2,0.2,0.5,"['stunfisk', 'hearthstone', 'heroesofthestorm', 'pokemonconspiracies', 'ZombieSurvivalTactics', 'DotA2', 'MonsterHunter', 'CompetitiveHS']",147,0.4449683867106676,1.8754378724194456
jroth005,0.65,0.5,0.35,0.55,0.85,0.45,0.3,0.6,0.15,0.75,"['changemyview', 'AskReddit', 'offmychest']",148,0.6041665197165392,1.5123587747384066
gloomdoom,0.15,0.7,0.6,0.45,0.65,0.45,0.3,0.2,0.5,0.75,"['pics', 'AskReddit', 'WTF', 'politics']",149,0.8678478741932112,0.6346265957437855
hur_hur_boobs,0.1,0.75,0.45,0.6,0.85,0.25,0.55,0.15,0.3,0.75,"['relationships', '3DS', 'fatpeoplestories']",150,-0.4035331484549711,0.6511362463070918
Xander0320,0.2,0.6,0.5,0.4,0.85,0.45,0.65,0.75,0.25,0.7,"['electronic_cigarette', 'soccer', 'AskReddit']",151,0.860055714847708,-0.26675978045184556
Saucome,0.25,0.8,0.3,0.6,0.9,0.3,0.2,0.3,0.2,0.3,"['truegaming', 'Games', 'gaming']",152,-1.19733863369126,1.869525561989382
natureruler,0.35,0.8,0.5,0.5,0.75,0.15,0.65,0.2,0.3,0.55,"['AskReddit', 'talesfromtechsupport', 'TalesFromTheMilitary']",153,0.12250471999908935,1.3932376814177287
vsTerminus,0.35,0.85,0.5,0.4,0.75,0.45,0.6,0.7,0.25,0.3,"['leagueoflegends', 'TeraOnline', 'AskReddit']",154,0.5035808875713313,0.9879648622005056
PancakesAreGone,0.2,0.5,0.3,0.7,0.85,0.8,0.4,0.3,0.2,0.5,"['canada', 'Games', 'AskReddit', 'funny']",155,-1.4133051919783741,-0.21874378808631534
brucemo,0.15,0.4,0.1,0.1,0.5,0.35,0.75,0.85,0.7,0.85,"['Christianity', 'AskReddit', 'atheism', 'antisrs', 'dwarffortress']",156,4.6285224415689745,-2.1360377448705234
macblastoff,0.35,0.85,0.05,0.1,0.6,0.3,0.1,0.45,0.65,0.9,"['spaceflight', 'AskReddit', 'WTF', 'space']",157,3.8086269193177715,0.8201964120942922
nameless88,0.35,0.45,0.65,0.85,0.8,0.5,0.7,0.15,0.3,0.2,"['AskReddit', 'rpg', 'FanTheories']",158,-2.128921002414031,0.7439371679793326
puppy22,0.25,0.85,0.15,0.3,0.8,0.25,0.4,0.1,0.2,0.75,"['AskReddit', 'Fitness', 'math']",159,0.4036131437554446,0.8346740182139063
shArkh,0.45,0.75,0.65,0.7,0.9,0.25,0.55,0.15,0.1,0.35,"['childfree', 'AskReddit', 'EliteDangerous']",160,-1.956892187010225,2.263706209916816
emeraldrumm,0.65,0.85,0.78,0.6,0.82,0.2,0.5,0.62,0.35,0.45,"['CFB', 'Guildwars2', 'aggies', 'nba']",161,0.5302889317574576,2.9511552313824043
tubcat,0.1,0.5,0.4,0.3,0.4,0.5,0.85,0.4,0.75,0.7,"['boardgames', 'funny', 'AskReddit', 'Archery', 'WTF', 'TumblrInAction', 'reddit.com', 'Metal', 'scifi', 'comicbooks', 'worldnews', 'pics', 'SquaredCircle', 'MMA']",162,3.0137069347940875,-1.7762549027818573
The_Evil_Within,0.2,0.3,0.3,0.5,0.9,0.5,0.4,0.1,0.2,0.8,"['AskScienceDiscussion', 'AskMen', 'AskReddit']",163,-0.8443334522239594,-0.5332612590457608
Infra-Oh,0.68,0.65,0.55,0.6,0.9,0.78,0.82,0.18,0.35,0.5,"['AskReddit', 'AdviceAnimals', 'explainlikeimfive']",164,-0.9734117478100633,0.6126513116216795
Overrwatcher,0.3,0.85,0.4,0.6,0.6,0.1,0.75,0.2,0.4,0.2,"['wow', 'Games', 'ShouldIbuythisgame']",165,0.10246470381356772,1.408763889560706
moofdivr,0.15,0.3,0.1,0.2,0.85,0.85,0.35,0.25,0.5,0.55,"['worldnews', 'atheism', 'todayilearned', 'politics', 'TumblrInAction', 'PoliticalDiscussion', 'SubredditDrama', 'videos', 'news', 'funny']",166,0.2622325725214401,-1.9680866966054773
noturmomma,0.5,0.75,0.3,0.2,0.6,0.7,0.85,0.4,0.65,0.75,"['TalesFromRetail', 'TalesFromTheCustomer', 'JUSTNOMIL', 'JUSTNOFAMILY']",167,2.738197013444603,-0.7745589951096943
esila,0.1,0.6,0.4,0.85,0.9,0.5,0.7,0.1,0.2,0.3,"['AskReddit', 'wow', 'bjj', 'SquaredCircle', 'truegaming', 'gaming']",168,-2.569053750578833,0.15111619811823437
ZeroNihilist,0.1,0.4,0.1,0.2,0.85,0.8,0.4,0.1,0.2,0.75,"['truegaming', 'bestof', 'TumblrInAction', 'AskReddit', 'Games', 'SubredditDrama', 'atheism', 'DotA2']",169,-0.37141232153837067,-1.7924852422303414
Leg-iron,0.1,0.2,0.1,0.2,0.9,0.4,0.85,0.6,0.1,0.3,"['bestofthefray', 'Bass', 'airguns']",170,-0.3191429736824816,-2.204715227989086
bigcitycrows,0.1,0.7,0.4,0.3,0.6,0.9,0.8,0.3,0.5,0.4,"['videos', 'aww', 'WTF', 'AskReddit', 'pics', 'funny', 'worldnews']",171,0.5562941401090536,-1.6616423548213937
MisterMillennia,0.6,0.75,0.1,0.45,0.85,0.35,0.15,0.25,0.15,0.3,"['gaming', 'truegaming', 'anime']",172,-0.5469493317981593,2.257609995146797
PhedreRachelle,0.2,0.3,0.8,0.6,0.9,0.7,0.6,0.1,0.1,0.4,"['relationship_advice', 'AskReddit', 'confession', 'relationships', 'WTF']",173,-2.749507903633078,-0.32918244027780263
Hyper_Threaded,0.45,0.85,0.2,0.25,0.8,0.55,0.5,0.1,0.3,0.7,"['AskReddit', 'ripcity', 'self']",174,0.511956438546747,0.544083351395165
bernie16wb,0.1,0.5,0.3,0.4,0.75,0.65,0.8,0.2,0.5,0.85,"['Fitness', 'AskReddit', 'Homebrewing']",175,0.8113936715336958,-1.814508418945928
sworeiwouldntjoin,0.4,0.8,0.5,0.7,0.9,0.2,0.2,0.1,0.1,0.3,"['AdviceAnimals', 'AskReddit', 'funny']",176,-2.0287857967162095,2.9142964865758367
dogandcatinlove,0.2,0.8,0.4,0.3,0.5,0.5,0.85,0.1,0.75,0.9,"['AskWomen', 'AskMen', 'AskReddit', 'relationships']",177,2.6376788716171595,-0.9039287010620681
CapinWinky,0.15,0.5,0.45,0.4,0.85,0.7,0.6,0.3,0.2,0.75,"['AskReddit', 'rva', 'PLC', 'WTF']",178,-0.4302251998496892,-0.9794911059354794
HeyZuesHChrist,0.75,0.85,0.3,0.2,0.5,0.15,0.45,0.25,0.2,0.55,"['loseit', 'self', 'AskReddit', 'fatpeoplestories']",179,1.9567056595719519,2.3217130628285556
cleansanchez,0.65,0.8,0.2,0.3,0.85,0.15,0.35,0.55,0.4,0.65,"['politics', 'reddit.com', 'AskReddit']",180,1.9181532279939,1.994299523465118
Autsin,0.1,0.1,0.1,0.2,0.55,0.85,0.75,0.9,0.35,0.5,"['Christianity', 'Sidehugs', 'TrueChristian']",181,2.138444567355316,-3.344668013102702
sig863,0.3,0.6,0.1,0.2,0.8,0.4,0.3,0.2,0.3,0.9,"['AskReddit', 'skeptic', 'Libertarian']",182,1.2188198761528874,-0.01931493224590982
ChickinSammich,0.1,0.5,0.3,0.3,0.6,0.4,0.8,0.2,0.2,0.7,"['nfl', 'ShouldIbuythisgame', 'AdviceAnimals', 'facepalm', 'DnD', 'AskReddit']",183,0.6697846232997875,-1.2580804468940965
AsABlackMan,0.1,0.3,0.1,0.2,0.9,0.95,0.6,0.1,0.15,0.3,"['AskReddit', 'politics', 'todayilearned']",184,-1.774619977942069,-2.4544284929580233
notHooptieJ,0.2,0.7,0.5,0.3,0.85,0.15,0.6,0.4,0.35,0.75,"['cade', 'explainlikeimfive', 'AskReddit', 'sto', 'Denver', 'KerbalSpaceProgram']",185,0.9432037708786933,0.42650892035745247
kekembas17,0.15,0.25,0.35,0.25,0.4,0.55,0.65,0.75,0.5,0.7,"['AskReddit', 'golf', 'Fallout', 'TalesFromThePizzaGuy']",186,3.1774870459401576,-1.9188199156374706
Usernameisntthatlong,0.35,0.9,0.2,0.45,0.8,0.15,0.6,0.15,0.3,0.5,"['leagueoflegends', 'summonerschool', 'AskReddit']",187,0.1439074806586756,1.3269403908852222
chesh05,0.3,0.7,0.8,0.7,0.6,0.4,0.5,0.1,0.2,0.2,"['funny', 'leagueoflegends', 'AskReddit']",188,-1.529707128385496,1.7752347220187592
Look_At_That_OMGWTF,0.3,0.5,0.4,0.5,0.9,0.3,0.3,0.1,0.05,0.1,"['osugame', 'gaming', 'AskReddit']",189,-2.416253500494498,1.2992681984543337
Kalfira,0.25,0.3,0.6,0.45,0.85,0.4,0.85,0.15,0.2,0.6,"['AskMen', 'learnprogramming', 'leagueoflegends', 'cscareerquestions']",190,-1.0029452302328843,-0.778901175545713
adder_gw,0.35,0.85,0.5,0.4,0.75,0.65,0.7,0.25,0.3,0.6,"['AskMen', 'AskReddit', 'intj']",191,0.08048771639586255,0.29077431841096363
dankreviewz,0.15,0.45,0.85,0.5,0.75,0.25,0.5,0.05,0.1,0.7,"['DankNation', 'DarkNetMarkets', 'DarkNetDeals', 'AlphaBayMarket', 'DarkNetReviews']",192,-1.1578054229624415,0.6783995214828792
PersistantRash,0.4,0.85,0.1,0.2,0.75,0.6,0.3,0.1,0.2,0.75,"['worldnews', 'WTF', 'politics', 'canada']",193,0.6162306645951106,0.5720255701414534
Sergnb,0.1,0.6,0.3,0.8,0.9,0.5,0.45,0.15,0.2,0.3,"['Games', 'videos', 'AskReddit']",194,-2.2869509092158355,0.467239280210834
digitalhuxley,0.1,0.3,0.8,0.85,0.9,0.5,0.7,0.2,0.15,0.35,"['Psychonaut', 'Drugs', 'LSD']",195,-2.8653699404219255,-0.06246476996777933
devedander,0.15,0.5,0.25,0.25,0.8,0.85,0.45,0.15,0.3,0.75,"['politics', 'funny', 'pics', 'SimCity', 'reddit.com', 'gaming', 'WTF', 'AskReddit', 'IAmA']",196,-0.021600216493602407,-1.448971355874244
VorDresden,0.2,0.8,0.1,0.5,0.9,0.6,0.4,0.1,0.1,0.3,"['AskReddit', 'whowouldwin', 'DnD']",197,-1.8379152379616763,0.46883851566322216
Grappindemen,0.15,0.6,0.1,0.3,0.9,0.8,0.5,0.1,0.15,0.4,"['atheism', 'worldnews', 'AdviceAnimals', 'AskReddit']",198,-1.4465864882907973,-1.0671296995602628
forget4,0.2,0.6,0.3,0.2,0.75,0.1,0.5,0.1,0.45,0.85,"['self', 'college', 'dating_advice', 'askseddit']",199,1.4557849448994435,0.04686051124203539
