pair_id,Trace_A,Trace_B
pair_001,qwen3,gemini__gemini-3.1-flash-lite-preview
pair_002,gemini__gemini-3.1-flash-lite-preview,qwen3
pair_003,gemini__gemini-3.1-flash-lite-preview,qwen3
pair_004,qwen3,gemini__gemini-3.1-flash-lite-preview
pair_005,gemini__gemini-3.1-flash-lite-preview,qwen3
pair_006,gemini__gemini-3.1-flash-lite-preview,qwen3
pair_007,qwen3,gemini__gemini-3.1-flash-lite-preview
pair_008,gemini__gemini-3.1-flash-lite-preview,qwen3
pair_009,qwen3,gemini__gemini-3.1-flash-lite-preview
pair_010,qwen3,gemini__gemini-3.1-flash-lite-preview
pair_011,qwen3,gemini__gemini-3.1-flash-lite-preview
pair_012,gemini__gemini-3.1-flash-lite-preview,qwen3
pair_013,qwen3,gemini__gemini-3.1-flash-lite-preview
pair_014,gemini__gemini-3.1-flash-lite-preview,qwen3
pair_015,gemini__gemini-3.1-flash-lite-preview,qwen3
pair_016,qwen3,gemini__gemini-3.1-flash-lite-preview
pair_017,qwen3,gemini__gemini-3.1-flash-lite-preview
pair_018,gemini__gemini-3.1-flash-lite-preview,qwen3
pair_019,qwen3,gemini__gemini-3.1-flash-lite-preview
pair_020,qwen3,gemini__gemini-3.1-flash-lite-preview
pair_021,qwen3,gemini__gemini-3.1-flash-lite-preview
pair_022,qwen3,gemini__gemini-3.1-flash-lite-preview
pair_023,qwen3,gemini__gemini-3.1-flash-lite-preview
pair_024,qwen3,gemini__gemini-3.1-flash-lite-preview
pair_025,qwen3,gemini__gemini-3.1-flash-lite-preview
pair_026,qwen3,gemini__gemini-3.1-flash-lite-preview
pair_027,qwen3,gemini__gemini-3.1-flash-lite-preview
pair_028,qwen3,gemini__gemini-3.1-flash-lite-preview
pair_029,qwen3,gemini__gemini-3.1-flash-lite-preview
pair_030,qwen3,gemini__gemini-3.1-flash-lite-preview
pair_031,gemini__gemini-3.1-flash-lite-preview,qwen3
pair_032,qwen3,gemini__gemini-3.1-flash-lite-preview
pair_033,gemini__gemini-3.1-flash-lite-preview,qwen3
pair_034,qwen3,gemini__gemini-3.1-flash-lite-preview
pair_035,gemini__gemini-3.1-flash-lite-preview,qwen3
pair_036,gemini__gemini-3.1-flash-lite-preview,qwen3
pair_037,gemini__gemini-3.1-flash-lite-preview,qwen3
pair_038,qwen3,gemini__gemini-3.1-flash-lite-preview
pair_039,gemini__gemini-3.1-flash-lite-preview,qwen3
pair_040,gemini__gemini-3.1-flash-lite-preview,qwen3
pair_041,gemini__gemini-3.1-flash-lite-preview,qwen3
pair_042,gemini__gemini-3.1-flash-lite-preview,qwen3
pair_043,qwen3,gemini__gemini-3.1-flash-lite-preview
pair_044,gemini__gemini-3.1-flash-lite-preview,qwen3
pair_045,gemini__gemini-3.1-flash-lite-preview,qwen3
pair_046,gemini__gemini-3.1-flash-lite-preview,qwen3
pair_047,gemini__gemini-3.1-flash-lite-preview,qwen3
pair_048,gemini__gemini-3.1-flash-lite-preview,qwen3
pair_049,qwen3,gemini__gemini-3.1-flash-lite-preview
pair_050,qwen3,gemini__gemini-3.1-flash-lite-preview
